# This file uses centimeters as units for non-parametric coordinates.

mtllib Home.mtl
g default
v -5.036151 65.551476 18.452557
v -5.036163 65.551476 11.017294
v -44.374374 65.551476 11.017294
v -44.374390 65.551476 18.452557
v -44.374390 76.704460 18.452557
v -5.036151 76.704460 18.452557
v -5.036163 76.704460 11.017294
v -44.374374 76.704460 11.017294
v -46.778397 67.977592 18.452557
v -2.632148 67.977592 18.452557
v -2.632161 67.977592 11.017294
v -46.778378 67.977592 11.017294
v -46.778397 74.278328 18.452557
v -2.632148 74.278328 18.452557
v -2.632161 74.278328 11.017294
v -46.778378 74.278328 11.017294
v -47.759422 71.127960 18.452557
v -1.651121 71.127960 18.452557
v -1.651134 71.127960 11.017294
v -47.759399 71.127960 11.017294
v -44.374390 82.850258 18.452557
v -5.036151 82.850258 18.452557
v -5.036163 82.850258 11.017294
v -44.374374 82.850258 11.017294
v -43.500206 97.226845 18.452557
v -5.910334 97.226845 18.452557
v -5.910346 97.226845 11.017294
v -43.500191 97.226845 11.017294
v -47.434021 86.266121 18.452557
v -1.976511 86.266121 18.452557
v -1.976524 86.266121 11.017294
v -47.434013 86.266121 11.017294
v -47.434032 93.901367 18.452557
v -1.976511 93.901367 18.452557
v -1.976524 93.901367 11.017294
v -47.434013 93.901367 11.017294
v -34.102730 99.642731 11.017294
v -34.102737 99.642731 18.452557
v -24.705276 100.615135 11.017294
v -24.705278 100.615135 18.452557
v -15.307812 99.642731 11.017294
v -15.307806 99.642731 18.452557
v -48.696735 89.955154 18.452557
v -0.713802 89.955154 18.452557
v -0.713816 89.955154 11.017294
v -48.696724 89.955154 11.017294
v -37.707130 48.175205 -17.104959
v -23.787100 48.175205 -17.104959
v -37.707096 50.745205 -17.104994
v -23.787151 50.745205 -17.104994
v -37.707096 50.745205 -31.024929
v -23.787151 50.745205 -31.024929
v -37.707130 48.175205 -31.024973
v -23.787100 48.175205 -31.024973
v -34.922813 50.745205 -19.889261
v -26.571411 50.745205 -19.889261
v -26.571411 50.745205 -28.240673
v -34.922813 50.745205 -28.240673
v -25.229963 50.745205 -24.064962
v -30.747120 50.745205 -18.547796
v -36.264275 50.745205 -24.064962
v -30.747120 50.745205 -29.582119
v -34.922813 49.873161 -19.889261
v -30.747120 49.873161 -18.547796
v -26.571411 49.873161 -19.889261
v -25.229963 49.873161 -24.064962
v -26.571411 49.873161 -28.240673
v -30.747120 49.873161 -29.582119
v -34.922813 49.873161 -28.240673
v -36.264275 49.873161 -24.064962
v -33.581856 49.873161 -21.230219
v -30.747120 49.873161 -20.319542
v -27.912369 49.873161 -21.230219
v -27.001709 49.873161 -24.064962
v -27.912369 49.873161 -26.899708
v -30.747120 49.873161 -27.810375
v -33.581856 49.873161 -26.899708
v -34.492535 49.873161 -24.064962
v -33.581856 50.745216 -21.230219
v -30.747120 50.745216 -20.319542
v -27.912369 50.745216 -21.230219
v -27.001709 50.745216 -24.064962
v -27.912369 50.745216 -26.899708
v -30.747120 50.745216 -27.810375
v -33.581856 50.745216 -26.899708
v -34.492535 50.745216 -24.064962
v -23.787151 50.745205 -24.064959
v -37.707096 50.745205 -24.064959
v -30.747124 50.745205 -31.024929
v -30.747124 50.745205 -17.104994
v -55.428539 48.175205 -31.609287
v -41.508511 48.175205 -31.609287
v -55.428505 50.745205 -31.609318
v -41.508564 50.745205 -31.609318
v -55.428505 50.745205 -45.529259
v -41.508564 50.745205 -45.529259
v -55.428539 48.175205 -45.529305
v -41.508511 48.175205 -45.529305
v -52.644226 50.745205 -34.393585
v -44.292824 50.745205 -34.393585
v -44.292824 50.745205 -42.744999
v -52.644226 50.745205 -42.744999
v -42.951374 50.745205 -38.569290
v -48.468529 50.745205 -33.052124
v -53.985687 50.745205 -38.569290
v -48.468529 50.745205 -44.086441
v -52.644226 49.873161 -34.393585
v -48.468529 49.873161 -33.052124
v -44.292824 49.873161 -34.393585
v -42.951374 49.873161 -38.569290
v -44.292824 49.873161 -42.744999
v -48.468529 49.873161 -44.086441
v -52.644226 49.873161 -42.744999
v -53.985687 49.873161 -38.569290
v -51.303265 49.873161 -35.734547
v -48.468529 49.873161 -34.823868
v -45.633781 49.873161 -35.734547
v -44.723118 49.873161 -38.569290
v -45.633781 49.873161 -41.404037
v -48.468529 49.873161 -42.314697
v -51.303265 49.873161 -41.404037
v -52.213943 49.873161 -38.569290
v -51.303265 50.745216 -35.734547
v -48.468529 50.745216 -34.823868
v -45.633781 50.745216 -35.734547
v -44.723118 50.745216 -38.569290
v -45.633781 50.745216 -41.404037
v -48.468529 50.745216 -42.314697
v -51.303265 50.745216 -41.404037
v -52.213943 50.745216 -38.569290
v -41.508564 50.745205 -38.569283
v -55.428505 50.745205 -38.569283
v -48.468533 50.745205 -45.529259
v -48.468533 50.745205 -31.609318
v 14.850490 28.042877 18.305487
v 14.850490 28.042877 24.724909
v -19.143782 28.042877 18.305487
v -19.143782 28.042877 24.724909
v 14.850490 34.316010 18.305487
v 14.850490 29.418016 24.724909
v -19.143782 34.316010 18.305487
v -19.143782 29.418016 24.724909
v 14.850490 32.010376 20.020643
v -19.143782 32.010376 20.020643
v 14.850490 30.613918 21.588730
v -19.143782 30.613918 21.588730
v 14.850490 29.936510 23.156818
v -19.143782 29.936510 23.156818
v -58.192612 5.560067 20.933010
v -65.698097 5.560067 20.933010
v -65.698097 5.560067 64.085724
v -58.192612 5.560067 64.085724
v -65.698097 15.023606 20.933010
v -58.192612 15.023606 20.933010
v -65.698097 15.023606 64.085724
v -58.192612 15.023606 64.085724
v -23.643862 10.483395 54.245255
v 12.164665 10.483395 54.245255
v -23.643862 11.652178 54.245255
v 12.164665 11.652178 54.245255
v 12.164665 10.483395 38.449696
v -23.643862 10.483395 38.449696
v -23.643862 11.652178 38.449696
v 12.164665 11.652178 38.449696
v 11.234877 2.611368 33.568184
v -22.714071 2.611368 33.568184
v -22.714071 2.611368 32.281887
v 11.234877 2.611368 32.281887
v -22.714071 8.172821 33.568184
v 11.234877 8.172821 33.568184
v -22.714071 8.172821 32.281887
v 11.234877 8.172821 32.281887
v 11.234877 2.611368 59.088032
v -22.714071 2.611368 59.088032
v -22.714071 2.611368 60.374329
v 11.234877 2.611368 60.374329
v -22.714071 8.172821 59.088032
v 11.234877 8.172821 59.088032
v -22.714071 8.172821 60.374329
v 11.234877 8.172821 60.374329
v 40.488014 6.495930 -24.883936
v 40.488014 4.696518 -26.191284
v 40.488014 2.472322 -26.191284
v 40.488014 0.672911 -24.883936
v 40.488014 -0.014403 -22.768600
v 40.488014 0.672911 -20.653269
v 40.488014 2.472323 -19.345915
v 40.488014 4.696518 -19.345915
v 40.488014 6.495930 -20.653269
v 40.488014 7.183245 -22.768600
v 38.290398 6.495930 -24.883936
v 38.290398 4.696518 -26.191284
v 38.290398 2.472322 -26.191284
v 38.290398 0.672911 -24.883936
v 38.290398 -0.014403 -22.768600
v 38.290398 0.672911 -20.653269
v 38.290398 2.472323 -19.345915
v 38.290398 4.696518 -19.345915
v 38.290398 6.495930 -20.653269
v 38.290398 7.183245 -22.768600
v 40.488014 6.495930 -41.032764
v 40.488014 4.696518 -42.340118
v 40.488014 2.472322 -42.340118
v 40.488014 0.672911 -41.032764
v 40.488014 -0.014403 -38.917435
v 40.488014 0.672911 -36.802097
v 40.488014 2.472323 -35.494747
v 40.488014 4.696518 -35.494747
v 40.488014 6.495930 -36.802097
v 40.488014 7.183245 -38.917435
v 38.290398 6.495930 -41.032764
v 38.290398 4.696518 -42.340118
v 38.290398 2.472322 -42.340118
v 38.290398 0.672911 -41.032764
v 38.290398 -0.014403 -38.917435
v 38.290398 0.672911 -36.802097
v 38.290398 2.472323 -35.494747
v 38.290398 4.696518 -35.494747
v 38.290398 6.495930 -36.802097
v 38.290398 7.183245 -38.917435
v 23.231890 6.495930 -24.848909
v 23.231890 4.696518 -26.156261
v 23.231890 2.472322 -26.156261
v 23.231890 0.672911 -24.848909
v 23.231890 -0.014403 -22.733576
v 23.231890 0.672911 -20.618242
v 23.231890 2.472323 -19.310890
v 23.231890 4.696518 -19.310890
v 23.231890 6.495930 -20.618242
v 23.231890 7.183245 -22.733576
v 21.034271 6.495930 -24.848909
v 21.034271 4.696518 -26.156261
v 21.034271 2.472322 -26.156261
v 21.034271 0.672911 -24.848909
v 21.034271 -0.014403 -22.733576
v 21.034271 0.672911 -20.618242
v 21.034271 2.472323 -19.310890
v 21.034271 4.696518 -19.310890
v 21.034271 6.495930 -20.618242
v 21.034271 7.183245 -22.733576
v 23.231890 6.495930 -41.032764
v 23.231890 4.696518 -42.340118
v 23.231890 2.472322 -42.340118
v 23.231890 0.672911 -41.032764
v 23.231890 -0.014403 -38.917435
v 23.231890 0.672911 -36.802097
v 23.231890 2.472323 -35.494747
v 23.231890 4.696518 -35.494747
v 23.231890 6.495930 -36.802097
v 23.231890 7.183245 -38.917435
v 21.034271 6.495930 -41.032764
v 21.034271 4.696518 -42.340118
v 21.034271 2.472322 -42.340118
v 21.034271 0.672911 -41.032764
v 21.034271 -0.014403 -38.917435
v 21.034271 0.672911 -36.802097
v 21.034271 2.472323 -35.494747
v 21.034271 4.696518 -35.494747
v 21.034271 6.495930 -36.802097
v 21.034271 7.183245 -38.917435
v 53.123447 2.801508 -48.063389
v 62.199074 2.801508 -48.063389
v 53.123447 42.973587 -48.180660
v 62.199074 42.973587 -48.180660
v 53.123447 42.973587 -57.139019
v 62.199074 42.973587 -57.139019
v 53.123447 2.801508 -57.139019
v 62.199074 2.801508 -57.139019
v 53.123447 2.801508 -26.188204
v 62.199074 2.801508 -26.188204
v 53.123447 42.973587 -39.222301
v 62.199074 42.973587 -39.222301
v 53.123447 2.801508 -35.263832
v 62.199074 2.801508 -35.263832
v 36.610188 67.354797 -48.142818
v 39.317287 68.184799 -48.142818
v 30.772478 88.661896 -46.506950
v 33.735065 89.570221 -46.506950
v 30.702652 88.889633 -49.596485
v 33.665237 89.797966 -49.596485
v 36.546387 67.562897 -50.965919
v 39.253483 68.392899 -50.965919
v 50.365780 67.816696 -49.354031
v 52.853199 66.645088 -48.677731
v 57.097195 88.145248 -44.171715
v 59.819363 86.863075 -43.431591
v 58.096268 88.593025 -47.070564
v 60.818439 87.310860 -46.330433
v 51.278694 68.225853 -52.002892
v 53.766113 67.054253 -51.326591
v 44.099659 67.128319 -48.082005
v 46.864162 66.539818 -47.913265
v 48.061646 86.296333 -57.879375
v 51.087051 85.652298 -57.694702
v 47.889790 84.724808 -60.544472
v 50.915192 84.080780 -60.359802
v 43.942619 65.692314 -50.517277
v 46.707123 65.103821 -50.348526
v 50.352383 50.796043 -36.841747
v 45.200745 50.796040 -36.841751
v 41.032982 50.796043 -33.813683
v 39.441048 50.796047 -28.914190
v 41.032990 50.796051 -24.014698
v 45.200745 50.796047 -20.986635
v 50.352375 50.796043 -20.986649
v 54.520142 50.796043 -24.014692
v 56.112068 50.796047 -28.914192
v 54.520134 50.796043 -33.813690
v 58.431252 53.578999 -36.655270
v 51.846279 53.579018 -41.439526
v 43.706841 53.579010 -41.439541
v 37.121895 53.578999 -36.655273
v 34.606659 53.579010 -28.914192
v 37.121891 53.579006 -21.173103
v 43.706844 53.579010 -16.388849
v 51.846291 53.579010 -16.388855
v 58.431267 53.578995 -21.173103
v 60.946472 53.578995 -28.914188
v 52.365917 59.257530 -43.038784
v 43.187206 59.257534 -43.038788
v 35.761475 59.257530 -37.643673
v 32.925095 59.257534 -28.914190
v 35.761475 59.257526 -20.184713
v 43.187218 59.257530 -14.789595
v 52.365921 59.257530 -14.789596
v 59.791656 59.257526 -20.184711
v 62.628029 59.257530 -28.914186
v 59.791668 59.257523 -37.643681
v 50.459518 75.754341 -20.692976
v 45.155708 75.716248 -20.683750
v 40.855171 75.711243 -23.811178
v 39.197319 75.759102 -28.885077
v 40.822620 75.823112 -33.962921
v 45.117962 75.849594 -37.097958
v 50.438156 75.835701 -37.094437
v 54.744003 75.808998 -33.959175
v 56.389858 75.789711 -28.892223
v 54.749962 75.781456 -23.828093
v 58.492970 72.740547 -21.117043
v 51.878624 72.738098 -16.304491
v 43.714737 72.677856 -16.289783
v 37.099247 72.652260 -21.095612
v 34.551823 72.711494 -28.896282
v 37.061676 72.778976 -36.698975
v 43.682758 72.786392 -41.512909
v 51.869598 72.776611 -41.510452
v 58.492958 72.749275 -36.691521
v 61.022858 72.730385 -28.900652
v 52.438255 68.575928 -14.569534
v 43.132702 68.527054 -14.557554
v 35.598560 68.505173 -20.030766
v 32.704365 68.552231 -28.906847
v 35.575356 68.583466 -37.779060
v 43.115978 68.583466 -43.257641
v 52.436703 68.583054 -43.257526
v 59.977348 68.572067 -37.776215
v 62.857655 68.559525 -28.908527
v 59.977360 68.566574 -20.045753
v 47.800053 77.253563 -28.877815
v 58.180618 59.347073 -36.472878
v 60.636669 59.346088 -28.913658
v 58.180611 59.346645 -21.354841
v 51.750702 59.347389 -16.683336
v 43.803959 59.343513 -16.682386
v 37.374439 59.341782 -21.353657
v 34.917274 59.345520 -28.913527
v 37.372601 59.347988 -36.473099
v 43.802620 59.347996 -41.144791
v 51.750576 59.347954 -41.144775
v 59.848846 62.125568 -37.684486
v 62.698738 62.121712 -28.912445
v 59.848835 62.123878 -20.141924
v 52.388195 62.126766 -14.721836
v 43.170433 62.111717 -14.718148
v 35.711315 62.104977 -20.137312
v 32.857128 62.119473 -28.911930
v 35.704174 62.129086 -37.685364
v 43.165279 62.129093 -43.106178
v 52.387714 62.128960 -43.106136
v -37.707130 48.175205 -31.609287
v -23.787100 48.175205 -31.609287
v -37.707096 50.745205 -31.609318
v -23.787151 50.745205 -31.609318
v -37.707096 50.745205 -45.529259
v -23.787151 50.745205 -45.529259
v -37.707130 48.175205 -45.529305
v -23.787100 48.175205 -45.529305
v -34.922813 50.745205 -34.393585
v -26.571411 50.745205 -34.393585
v -26.571411 50.745205 -42.744999
v -34.922813 50.745205 -42.744999
v -25.229963 50.745205 -38.569290
v -30.747120 50.745205 -33.052124
v -36.264275 50.745205 -38.569290
v -30.747120 50.745205 -44.086441
v -34.922813 49.873161 -34.393585
v -30.747120 49.873161 -33.052124
v -26.571411 49.873161 -34.393585
v -25.229963 49.873161 -38.569290
v -26.571411 49.873161 -42.744999
v -30.747120 49.873161 -44.086441
v -34.922813 49.873161 -42.744999
v -36.264275 49.873161 -38.569290
v -33.581856 49.873161 -35.734547
v -30.747120 49.873161 -34.823868
v -27.912369 49.873161 -35.734547
v -27.001709 49.873161 -38.569290
v -27.912369 49.873161 -41.404037
v -30.747120 49.873161 -42.314697
v -33.581856 49.873161 -41.404037
v -34.492535 49.873161 -38.569290
v -33.581856 50.745216 -35.734547
v -30.747120 50.745216 -34.823868
v -27.912369 50.745216 -35.734547
v -27.001709 50.745216 -38.569290
v -27.912369 50.745216 -41.404037
v -30.747120 50.745216 -42.314697
v -33.581856 50.745216 -41.404037
v -34.492535 50.745216 -38.569290
v -23.787151 50.745205 -38.569283
v -37.707096 50.745205 -38.569283
v -30.747124 50.745205 -45.529259
v -30.747124 50.745205 -31.609318
v -55.428539 48.175205 -17.104959
v -41.508511 48.175205 -17.104959
v -55.428505 50.745205 -17.104994
v -41.508564 50.745205 -17.104994
v -55.428505 50.745205 -31.024929
v -41.508564 50.745205 -31.024929
v -55.428539 48.175205 -31.024973
v -41.508511 48.175205 -31.024973
v -52.644226 50.745205 -19.889261
v -44.292824 50.745205 -19.889261
v -44.292824 50.745205 -28.240673
v -52.644226 50.745205 -28.240673
v -42.951374 50.745205 -24.064962
v -48.468529 50.745205 -18.547796
v -53.985687 50.745205 -24.064962
v -48.468529 50.745205 -29.582119
v -52.644226 49.873161 -19.889261
v -48.468529 49.873161 -18.547796
v -44.292824 49.873161 -19.889261
v -42.951374 49.873161 -24.064962
v -44.292824 49.873161 -28.240673
v -48.468529 49.873161 -29.582119
v -52.644226 49.873161 -28.240673
v -53.985687 49.873161 -24.064962
v -51.303265 49.873161 -21.230219
v -48.468529 49.873161 -20.319542
v -45.633781 49.873161 -21.230219
v -44.723118 49.873161 -24.064962
v -45.633781 49.873161 -26.899708
v -48.468529 49.873161 -27.810375
v -51.303265 49.873161 -26.899708
v -52.213943 49.873161 -24.064962
v -51.303265 50.745216 -21.230219
v -48.468529 50.745216 -20.319542
v -45.633781 50.745216 -21.230219
v -44.723118 50.745216 -24.064962
v -45.633781 50.745216 -26.899708
v -48.468529 50.745216 -27.810375
v -51.303265 50.745216 -26.899708
v -52.213943 50.745216 -24.064962
v -41.508564 50.745205 -24.064959
v -55.428505 50.745205 -24.064959
v -48.468533 50.745205 -31.024929
v -48.468533 50.745205 -17.104994
v 33.447060 50.749615 -46.974312
v 57.082672 50.749615 -46.974312
v 33.447060 71.083023 -45.856209
v 57.082672 71.083023 -45.856209
v 33.447060 71.083023 -55.717178
v 57.082672 71.083023 -55.717178
v 33.447060 50.749615 -54.599079
v 57.082672 50.749615 -54.599079
v 34.523190 70.268867 -50.786694
v 56.006550 70.268867 -50.786694
v 55.672825 54.813797 -50.786694
v 34.856911 54.813797 -50.786694
v 21.554422 3.892350 -15.370440
v 22.826769 21.722416 -19.287354
v 22.736338 21.722416 -40.814159
v 21.603571 3.892350 -42.196655
v 21.552143 11.162230 -15.402412
v 21.574602 11.347551 -42.441338
v 23.472046 12.218640 -50.675888
v 22.926664 3.892350 -51.305122
v 23.699020 12.867495 -16.190765
v 24.677326 20.239117 -18.752497
v 23.699020 12.821563 -16.531178
v 24.677326 20.168678 -18.952478
v 21.699152 12.639990 -17.627195
v 21.723944 12.825308 -40.442692
v 22.586994 20.151247 -38.675980
v 22.679100 20.151247 -20.398081
v 21.997454 12.639990 -17.627195
v 22.026979 12.825308 -40.442692
v 22.890032 20.151247 -38.675980
v 22.978737 20.151247 -20.398081
v 21.841042 14.215156 -42.378700
v 23.944538 20.767599 -40.976818
v 23.209019 15.095830 -42.216045
v 23.944538 20.711807 -40.674740
v 23.209019 15.040037 -41.913967
v 40.204952 3.892350 -15.370440
v 38.763649 21.722416 -19.287354
v 38.854073 21.722416 -40.814159
v 40.155838 3.892350 -42.196655
v 40.040878 11.162230 -15.402412
v 40.186272 11.277770 -43.048626
v 38.118370 12.218640 -50.675888
v 38.832741 3.892350 -51.305122
v 37.893997 12.867495 -16.190765
v 36.913086 20.239117 -18.752497
v 37.893997 12.821563 -16.531178
v 36.913086 20.168678 -18.952478
v 39.893864 12.639990 -17.627195
v 40.036926 12.755526 -41.049976
v 39.003422 20.151247 -39.251202
v 38.911316 20.151247 -20.398081
v 39.595566 12.639990 -17.627195
v 39.733894 12.755526 -41.049976
v 38.700382 20.151247 -39.251202
v 38.611679 20.151247 -20.398081
v 39.919834 14.145374 -42.410763
v 37.645878 20.767599 -40.976818
v 38.551853 15.026048 -42.248108
v 37.645878 20.711807 -40.674740
v 38.551853 14.970254 -41.946030
v 67.549789 3.995311 -33.304161
v 67.549789 0.011543 -33.304161
v 67.698891 0.011543 -66.503540
v 67.698891 3.995311 -66.503540
v 48.074467 3.995311 -13.744022
v 48.074467 0.011543 -13.744024
v 56.358173 0.011543 -13.744024
v 56.358173 3.995311 -13.744024
v 48.074467 0.011543 -66.503540
v 48.074467 3.995311 -66.503540
v 66.624680 3.995311 -25.838959
v 66.624680 0.011543 -25.838959
v 64.302200 3.995311 -19.928019
v 64.302200 0.011543 -19.928019
v 60.657448 3.995311 -15.586216
v 60.657448 0.011543 -15.586216
v 12.164660 8.195531 36.859573
v -23.643860 8.195531 36.859573
v -23.643860 8.195532 32.281887
v 12.164660 8.195532 32.281887
v -23.643860 9.223907 36.859573
v 12.164660 9.223907 36.859573
v -23.643860 9.223907 32.281887
v 12.164660 9.223907 32.281887
v 11.234877 2.611368 44.445446
v -22.714071 2.611368 44.445446
v -22.714071 2.611368 48.249523
v 11.234877 2.611368 48.249523
v -22.714071 10.557564 44.445446
v 11.234877 10.557564 44.445446
v -22.714071 10.557564 48.249523
v 11.234877 10.557564 48.249523
v 12.164660 8.195531 55.796638
v -23.643860 8.195531 55.796638
v -23.643860 8.195532 60.374329
v 12.164660 8.195532 60.374329
v -23.643860 9.223907 55.796638
v 12.164660 9.223907 55.796638
v -23.643860 9.223907 60.374329
v 12.164660 9.223907 60.374329
v -56.210976 2.611368 18.452557
v -67.679756 2.611368 18.452557
v -67.679756 2.611368 66.566170
v -56.210976 2.611368 66.566170
v -67.679756 5.716876 18.452557
v -56.210976 5.716876 18.452557
v -67.679756 5.716876 66.566170
v -56.210976 5.716876 66.566170
v -67.890709 50.778084 18.565214
v 18.340908 50.778084 18.565214
v 18.269243 50.778084 -57.817764
v -67.890709 50.778084 -57.817764
v 18.340908 50.778084 -13.744024
v 67.915344 50.778084 -57.817764
v 67.915344 50.778084 -33.304161
v 50.138306 50.778084 -13.744024
v 56.941284 50.778084 -15.281569
v 62.708572 50.778084 -19.510267
v 66.562149 50.778084 -25.838959
v 10.241177 50.778084 11.017294
v 10.241177 50.778084 -50.207298
v -59.651691 50.778084 -50.207298
v -59.651691 50.778084 11.017294
v 10.241177 48.279678 11.017294
v 10.241177 48.279678 -50.207298
v -59.651691 48.279678 -50.207298
v -59.651691 48.279678 11.017294
v -50.360630 50.778084 11.017294
v -50.360645 50.778084 18.565214
v 0.950087 50.778084 11.017294
v 0.950102 50.778084 18.565214
v -50.360630 65.666046 11.017294
v -50.360645 65.666046 18.565214
v 0.950102 65.666046 18.565214
v 0.950087 65.666046 11.017294
v 18.340908 41.618885 18.565214
v 67.915344 41.618885 -33.304161
v 67.915344 41.618885 -57.817764
v -67.890709 41.618885 18.565214
v 18.340908 41.618885 -13.744022
v 50.138306 41.618885 -13.744024
v 66.562149 41.618885 -25.838959
v 62.708572 41.618885 -19.510267
v 56.941284 41.618885 -15.281569
v -67.890709 41.618885 -57.817764
v -67.915344 0.011543 66.685394
v 67.894905 0.011543 66.685394
v -67.915344 0.011543 -66.685394
v 67.894905 0.011543 -66.685394
v 37.160450 67.409836 -50.407005
v 39.963890 67.804230 -50.456970
v 34.283695 89.330994 -52.704521
v 37.351707 89.762604 -52.759197
v 34.283695 88.941544 -55.778652
v 37.351707 89.373161 -55.833328
v 37.160450 67.053978 -53.216034
v 39.963890 67.448372 -53.265999
v 42.516514 67.114227 -47.935722
v 45.325882 66.773209 -47.843922
v 44.746040 89.256485 -48.148331
v 47.820545 88.883278 -48.047863
v 44.839226 89.190559 -51.244926
v 47.913731 88.817360 -51.144466
v 42.601662 67.054001 -50.765278
v 45.411034 66.712982 -50.673477
v 50.772499 64.949722 -54.809914
v 49.231041 65.435692 -52.485046
v 56.778065 86.275200 -54.879269
v 55.091125 86.807030 -52.334984
v 59.194748 85.479347 -53.110580
v 57.507805 86.011177 -50.566292
v 52.980774 64.222519 -53.193756
v 51.439316 64.708481 -50.868881
v -50.360645 41.972115 17.965120
v -37.532955 41.972115 17.965120
v -37.532955 2.611368 17.965120
v -24.705271 41.972115 17.536541
v -37.532955 41.972115 17.536541
v -26.351948 40.047348 17.536541
v -26.351948 4.124800 17.536537
v -35.886276 4.124800 17.536537
v -35.886276 40.047348 17.536541
v -39.147720 40.047344 17.965120
v -39.147720 4.124800 17.965120
v -48.745876 4.124800 17.965120
v -48.745876 40.047344 17.965120
v -24.705271 41.972115 18.452557
v -24.705271 2.611368 18.452557
v -50.360645 2.611368 18.452557
v -50.360645 41.972115 18.452557
v -50.360645 2.611368 17.965120
v -24.705271 2.611368 17.536537
v -37.532955 2.611368 17.536537
v -67.679756 0.011544 18.452557
v 18.269243 0.011544 18.452557
v -67.679756 41.972115 18.452557
v 18.269243 41.972115 18.452557
v -67.679756 41.972115 -57.642559
v 18.269243 41.972115 -57.642559
v -67.679756 0.011544 -57.642559
v 18.269243 0.011544 -57.642559
v 18.269243 41.972115 -13.744022
v 18.269243 0.011544 -13.744024
v -67.679756 2.611368 18.452557
v 18.269243 2.611368 18.452557
v -67.679756 0.011544 66.566170
v 18.269245 0.011544 66.566170
v 18.269245 2.611368 66.566170
v -67.679756 2.611368 66.566170
v 18.269243 35.488441 -17.540133
v 18.269243 16.658085 -17.540133
v 18.269243 16.658085 -53.846451
v 18.269243 35.488441 -53.846451
v 18.833567 35.488441 -17.540133
v 18.833567 16.658085 -17.540133
v 18.833567 16.658085 -53.846451
v 18.833567 35.488441 -53.846451
v 18.833567 33.293415 -19.810658
v 18.833567 18.853107 -19.810658
v 18.833567 18.853107 -51.575928
v 18.833567 33.293415 -51.575928
v 18.505070 33.293415 -19.810658
v 18.505070 18.853107 -19.810658
v 18.505070 18.853107 -51.575928
v 18.505070 33.293415 -51.575928
v 18.269243 11.673837 10.861126
v 18.269243 10.823236 10.010525
v 20.006357 11.673837 10.861126
v 20.006357 10.823236 10.010525
v 18.269243 10.823236 -6.542046
v 18.269243 11.673837 -7.392646
v 20.006357 11.673837 -7.392646
v 20.006357 10.823236 -6.542046
v 18.269243 34.637821 -7.392646
v 18.269243 35.488422 -6.542046
v 20.006357 35.488422 -6.542046
v 20.006357 34.637821 -7.392646
v 18.269243 35.488422 10.010525
v 18.269243 34.637821 10.861126
v 20.006357 34.637821 10.861126
v 20.006357 35.488422 10.010525
v 13.559241 14.522582 18.452557
v 13.559241 28.051498 18.452557
v -17.852535 28.051498 18.452557
v -17.852535 14.522582 18.452557
v 13.559241 14.522582 19.203070
v 13.559241 28.051498 19.203070
v -17.852535 28.051498 19.203070
v -17.852535 14.522582 19.203070
v 11.682431 16.113331 19.203070
v 11.682431 26.460751 19.203070
v -15.975726 26.460751 19.203070
v -15.975726 16.113331 19.203070
v 11.682431 16.113331 18.680410
v 11.682431 26.460751 18.680410
v -15.975726 26.460751 18.680410
v -15.975726 16.113331 18.680410
v -39.147720 40.047344 17.212627
v -48.745876 40.047344 17.212627
v -48.745876 4.124800 17.212627
v -39.147720 4.124800 17.212627
v -26.351948 40.047348 16.784048
v -35.886276 40.047348 16.784048
v -35.886276 4.124800 16.784042
v -26.351948 4.124800 16.784042
v 40.355209 65.488647 -49.139561
v 43.152672 65.067032 -49.022259
v 42.845341 86.982414 -44.283573
v 45.906807 86.521027 -44.155193
v 43.080383 87.706245 -47.287361
v 46.141853 87.244850 -47.158989
v 40.569988 66.150047 -51.884319
v 43.367447 65.728447 -51.767017
v 44.261860 66.211334 -48.849270
v 46.840870 65.087837 -48.527115
v 52.208817 86.138542 -53.643574
v 55.031212 84.909012 -53.291012
v 52.208817 85.284424 -56.622238
v 55.031212 84.054901 -56.269672
v 44.261860 65.430870 -51.571060
v 46.840870 64.307381 -51.248909
v 39.138741 69.110863 -50.826324
v 41.963871 69.293106 -50.878578
v 37.696564 90.609749 -56.071293
v 40.788307 90.809189 -56.128483
v 37.696564 89.755623 -59.049953
v 40.788307 89.955078 -59.107147
v 39.138741 68.330399 -53.548119
v 41.963871 68.512650 -53.600372
v 46.066315 64.700134 -49.494427
v 48.756111 63.867332 -49.792332
v 52.043941 84.788422 -42.798222
v 54.987583 83.877014 -43.124245
v 52.059902 85.877678 -45.699123
v 55.003544 84.966286 -46.025146
v 46.080902 65.695465 -52.145164
v 48.770691 64.862656 -52.443069
v 38.286976 69.501984 -48.891975
v 41.051476 68.913483 -48.723228
v 42.365292 91.014954 -52.417274
v 45.390694 90.370918 -52.232601
v 42.422100 90.410507 -55.455925
v 45.447506 89.766472 -55.271248
v 38.338886 68.949661 -51.668579
v 41.103390 68.361168 -51.499832
v 41.322197 67.990166 -50.311359
v 44.086700 67.401672 -50.142612
v 45.418182 89.123123 -55.451408
v 48.443588 88.479095 -55.266727
v 45.418182 88.269005 -58.430069
v 48.443588 87.624969 -58.245396
v 41.322197 67.209717 -53.033157
v 44.086700 66.621216 -52.864407
v 46.523293 67.035500 -47.924484
v 49.332664 66.694481 -47.832684
v 48.752823 89.177750 -48.137096
v 51.827328 88.804535 -48.036629
v 48.846008 89.111824 -51.233696
v 51.920513 88.738625 -51.133228
v 46.608440 66.975266 -50.754047
v 49.417816 66.634247 -50.662243
v 38.260498 70.021690 -47.012501
v 41.091801 69.990395 -47.012501
v 38.342979 92.292038 -46.878887
v 41.441494 92.257774 -46.878887
v 38.342979 92.292038 -49.977592
v 41.441494 92.257774 -49.977592
v 38.260498 70.021690 -49.843983
v 41.091801 69.990395 -49.843983
v 43.131058 61.107613 -49.142212
v 45.935825 60.742508 -49.010727
v 45.219883 82.655037 -44.304695
v 48.289349 82.255455 -44.160793
v 45.454933 83.378860 -47.308491
v 48.524395 82.979301 -47.164589
v 43.345837 61.769028 -51.886971
v 46.150600 61.403912 -51.755478
vt 0.772498 0.988544
vt 0.746624 0.988655
vt 0.746539 0.968829
vt 0.772413 0.968718
vt 0.012092 0.211674
vt 0.248583 0.209958
vt 0.235799 0.223048
vt 0.025065 0.224577
vt 0.682742 0.969102
vt 0.682827 0.988928
vt 0.673720 0.988968
vt 0.673635 0.969141
vt 0.154434 0.444118
vt 0.148023 0.437648
vt 0.265742 0.437648
vt 0.259331 0.444117
vt 0.921660 0.987905
vt 0.912553 0.987944
vt 0.912468 0.968117
vt 0.921575 0.968078
vt 0.024632 0.164831
vt 0.235366 0.163302
vt 0.248339 0.176205
vt 0.011848 0.177921
vt 0.656038 0.969217
vt 0.656123 0.989043
vt 0.647015 0.989082
vt 0.646930 0.969255
vt 0.265742 0.420847
vt 0.148023 0.420847
vt 0.154434 0.414378
vt 0.259331 0.414377
vt 0.948365 0.987790
vt 0.939257 0.987829
vt 0.939172 0.968003
vt 0.948280 0.967964
vt 0.006715 0.194835
vt 0.253716 0.193044
vt 0.664921 0.989005
vt 0.664836 0.969179
vt 0.145408 0.429248
vt 0.268358 0.429247
vt 0.930459 0.987867
vt 0.930374 0.968041
vt 0.236038 0.255972
vt 0.025304 0.257500
vt 0.699130 0.969032
vt 0.699215 0.988858
vt 0.154434 0.460506
vt 0.259331 0.460505
vt 0.896165 0.988014
vt 0.896080 0.968188
vt 0.732889 0.988714
vt 0.732804 0.968888
vt 0.181824 0.505284
vt 0.156765 0.498842
vt 0.146275 0.489974
vt 0.862406 0.968332
vt 0.862491 0.988159
vt 0.848756 0.988217
vt 0.848671 0.968391
vt 0.252561 0.274151
vt 0.009046 0.275918
vt 0.711358 0.968980
vt 0.711443 0.988806
vt 0.267490 0.469614
vt 0.146275 0.469614
vt 0.883937 0.988066
vt 0.883852 0.968240
vt 0.002425 0.295729
vt 0.259469 0.293864
vt 0.252858 0.315053
vt 0.009343 0.316820
vt 0.721840 0.988761
vt 0.721755 0.968935
vt 0.142908 0.479451
vt 0.270857 0.479451
vt 0.267490 0.489974
vt 0.873540 0.988111
vt 0.873455 0.968285
vt 0.257001 0.498841
vt 0.231942 0.505283
vt 0.822883 0.988328
vt 0.822798 0.968502
vt 0.080981 0.347058
vt 0.030545 0.334481
vt 0.206883 0.507877
vt 0.797690 0.988436
vt 0.797605 0.968610
vt 0.131361 0.351902
vt 0.181665 0.346328
vt 0.231914 0.333021
vt 0.931853 0.835822
vt 0.931902 0.788900
vt 0.937231 0.812366
vt 0.937304 0.830382
vt 0.973446 0.812404
vt 0.978774 0.835871
vt 0.973334 0.830419
vt 0.955357 0.794278
vt 0.978824 0.788949
vt 0.973372 0.794389
vt 0.955319 0.830493
vt 0.627324 0.539698
vt 0.627324 0.524782
vt 0.630416 0.524782
vt 0.633291 0.533732
vt 0.642240 0.512958
vt 0.642240 0.509866
vt 0.657156 0.509866
vt 0.651189 0.515833
vt 0.657156 0.524782
vt 0.657156 0.539698
vt 0.651189 0.533731
vt 0.654064 0.524782
vt 0.642240 0.539698
vt 0.642240 0.536605
vt 0.349600 0.774701
vt 0.366067 0.774734
vt 0.366061 0.778008
vt 0.349594 0.777975
vt 0.333134 0.774668
vt 0.333127 0.777942
vt 0.316667 0.774635
vt 0.316660 0.777909
vt 0.431935 0.774866
vt 0.448402 0.774899
vt 0.448396 0.778174
vt 0.431928 0.778140
vt 0.415468 0.774833
vt 0.415461 0.778107
vt 0.399001 0.774800
vt 0.398995 0.778074
vt 0.382534 0.774767
vt 0.382528 0.778041
vt 0.331922 0.616494
vt 0.334250 0.623741
vt 0.330822 0.627169
vt 0.327392 0.616494
vt 0.334250 0.609247
vt 0.330822 0.605819
vt 0.341497 0.606919
vt 0.341497 0.602389
vt 0.348744 0.609247
vt 0.352172 0.605819
vt 0.351072 0.616494
vt 0.355602 0.616494
vt 0.348744 0.623741
vt 0.352172 0.627169
vt 0.341497 0.626069
vt 0.341497 0.630599
vt 0.232386 0.642057
vt 0.242179 0.642043
vt 0.242183 0.644911
vt 0.232390 0.644925
vt 0.222593 0.642071
vt 0.222597 0.644940
vt 0.212800 0.642085
vt 0.212804 0.644954
vt 0.281351 0.641986
vt 0.291144 0.641972
vt 0.291148 0.644840
vt 0.281355 0.644855
vt 0.271558 0.642001
vt 0.271562 0.644869
vt 0.261765 0.642015
vt 0.261769 0.644883
vt 0.251972 0.642029
vt 0.251976 0.644897
vt 0.575812 0.030194
vt 0.568565 0.047017
vt 0.566237 0.039770
vt 0.568565 0.032523
vt 0.627324 0.509866
vt 0.633291 0.515833
vt 0.937342 0.794351
vt 0.583059 0.032523
vt 0.585387 0.039770
vt 0.583059 0.047017
vt 0.575812 0.049345
vt 0.633948 0.345308
vt 0.634538 0.298390
vt 0.639596 0.321916
vt 0.639462 0.339931
vt 0.675808 0.322371
vt 0.680866 0.345897
vt 0.675489 0.340384
vt 0.657929 0.304037
vt 0.681455 0.298979
vt 0.675942 0.304356
vt 0.657474 0.340250
vt 0.408388 0.622708
vt 0.408388 0.607793
vt 0.411480 0.607793
vt 0.414355 0.616742
vt 0.423304 0.595968
vt 0.423304 0.592878
vt 0.438220 0.592876
vt 0.432253 0.598844
vt 0.438220 0.607793
vt 0.438220 0.622709
vt 0.432253 0.616742
vt 0.435128 0.607792
vt 0.423304 0.622709
vt 0.423304 0.619616
vt 0.349566 0.783463
vt 0.366033 0.783496
vt 0.366026 0.786770
vt 0.349560 0.786737
vt 0.333099 0.783430
vt 0.333093 0.786704
vt 0.316633 0.783397
vt 0.316626 0.786671
vt 0.431900 0.783629
vt 0.448367 0.783661
vt 0.448361 0.786936
vt 0.431893 0.786903
vt 0.415433 0.783595
vt 0.415427 0.786870
vt 0.398967 0.783562
vt 0.398960 0.786836
vt 0.382500 0.783529
vt 0.382493 0.786803
vt 0.695851 0.310814
vt 0.698179 0.318061
vt 0.694751 0.321489
vt 0.691322 0.310814
vt 0.698179 0.303567
vt 0.694751 0.300139
vt 0.705427 0.301239
vt 0.705427 0.296709
vt 0.712674 0.303567
vt 0.716102 0.300139
vt 0.715002 0.310814
vt 0.719531 0.310814
vt 0.712674 0.318061
vt 0.716102 0.321489
vt 0.705427 0.320389
vt 0.705427 0.324919
vt 0.233095 0.632700
vt 0.242888 0.632686
vt 0.242892 0.635554
vt 0.233099 0.635568
vt 0.223302 0.632714
vt 0.223306 0.635583
vt 0.213509 0.632728
vt 0.213513 0.635597
vt 0.282061 0.632630
vt 0.291853 0.632615
vt 0.291858 0.635484
vt 0.282065 0.635498
vt 0.272267 0.632644
vt 0.272272 0.635512
vt 0.262474 0.632658
vt 0.262478 0.635526
vt 0.252681 0.632672
vt 0.252685 0.635540
vt 0.530955 0.028221
vt 0.523708 0.045043
vt 0.521380 0.037796
vt 0.523708 0.030549
vt 0.408388 0.592877
vt 0.414355 0.598844
vt 0.639914 0.303903
vt 0.538202 0.030549
vt 0.540530 0.037796
vt 0.538202 0.045043
vt 0.530955 0.047372
vt 0.255214 0.374633
vt 0.253835 0.378815
vt 0.250168 0.378818
vt 0.250154 0.361700
vt 0.155853 0.378892
vt 0.154468 0.374712
vt 0.159507 0.361772
vt 0.159520 0.378889
vt 0.266882 0.361687
vt 0.260738 0.366265
vt 0.148931 0.366353
vt 0.142779 0.361785
vt 0.257017 0.370450
vt 0.152658 0.370532
vt 0.159541 0.404777
vt 0.159535 0.397114
vt 0.250182 0.397043
vt 0.250188 0.404706
vt 0.159530 0.391515
vt 0.250178 0.391444
vt 0.159527 0.386960
vt 0.250174 0.386889
vt 0.159523 0.382556
vt 0.250171 0.382485
vt 0.588571 0.203637
vt 0.588587 0.238397
vt 0.386324 0.238492
vt 0.386308 0.203732
vt 0.632658 0.203616
vt 0.632674 0.238376
vt 0.588608 0.282483
vt 0.386345 0.282578
vt 0.342238 0.238513
vt 0.342221 0.203753
vt 0.386287 0.159646
vt 0.588550 0.159550
vt 0.454163 0.288615
vt 0.621826 0.289742
vt 0.621329 0.363700
vt 0.453666 0.362574
vt 0.620796 0.443131
vt 0.453132 0.442004
vt 0.453629 0.368046
vt 0.621292 0.369173
vt 0.448690 0.288578
vt 0.448193 0.362537
vt 0.454199 0.283143
vt 0.621863 0.284269
vt 0.627299 0.289779
vt 0.626802 0.363737
vt 0.869423 0.575890
vt 0.869402 0.594319
vt 0.756902 0.594193
vt 0.756922 0.575763
vt 0.990448 0.576025
vt 0.990428 0.594455
vt 0.986165 0.594450
vt 0.986186 0.576021
vt 0.873685 0.575894
vt 0.873665 0.594324
vt 0.754784 0.543138
vt 0.883160 0.541649
vt 0.883404 0.562679
vt 0.755028 0.564168
vt 0.888024 0.541592
vt 0.888268 0.562622
vt 0.621543 0.544683
vt 0.749919 0.543194
vt 0.750164 0.564224
vt 0.621787 0.565714
vt 0.387946 0.383980
vt 0.388146 0.373688
vt 0.398315 0.373885
vt 0.398115 0.384178
vt 0.387746 0.394273
vt 0.397915 0.394470
vt 0.389544 0.301641
vt 0.389744 0.291349
vt 0.399913 0.291546
vt 0.399713 0.301838
vt 0.389344 0.311933
vt 0.399513 0.312131
vt 0.389144 0.322226
vt 0.399314 0.322423
vt 0.388945 0.332518
vt 0.399114 0.332716
vt 0.388745 0.342811
vt 0.398914 0.343008
vt 0.388545 0.353103
vt 0.398715 0.353300
vt 0.388345 0.363395
vt 0.398515 0.363593
vt 0.531743 0.784731
vt 0.516591 0.787378
vt 0.523737 0.783593
vt 0.537550 0.790357
vt 0.538942 0.798323
vt 0.535385 0.805585
vt 0.528240 0.809370
vt 0.520234 0.808232
vt 0.514426 0.802606
vt 0.513035 0.794640
vt 0.447831 0.433996
vt 0.438577 0.446489
vt 0.447975 0.418450
vt 0.424212 0.400849
vt 0.438953 0.405789
vt 0.409383 0.405516
vt 0.400129 0.418009
vt 0.399985 0.433555
vt 0.409007 0.446216
vt 0.423748 0.451156
vt 0.402435 0.384424
vt 0.402635 0.374132
vt 0.412805 0.374329
vt 0.412605 0.384622
vt 0.402236 0.394717
vt 0.412405 0.394914
vt 0.404034 0.302085
vt 0.404233 0.291793
vt 0.414403 0.291990
vt 0.414203 0.302282
vt 0.403834 0.312377
vt 0.414003 0.312575
vt 0.403634 0.322670
vt 0.413803 0.322867
vt 0.403434 0.332962
vt 0.413604 0.333160
vt 0.403235 0.343255
vt 0.413404 0.343452
vt 0.403035 0.353547
vt 0.413204 0.353744
vt 0.402835 0.363839
vt 0.413005 0.364037
vt 0.979484 0.970411
vt 0.964332 0.973058
vt 0.971478 0.969273
vt 0.985292 0.976038
vt 0.986683 0.984003
vt 0.983127 0.991265
vt 0.975981 0.995050
vt 0.967975 0.993912
vt 0.962167 0.988286
vt 0.960776 0.980320
vt 0.631058 0.487894
vt 0.621804 0.500386
vt 0.631201 0.472347
vt 0.607438 0.454746
vt 0.622179 0.459686
vt 0.592609 0.459414
vt 0.583355 0.471906
vt 0.583212 0.487452
vt 0.592234 0.500114
vt 0.606975 0.505054
vt 0.416260 0.384204
vt 0.416460 0.373911
vt 0.426630 0.374109
vt 0.426430 0.384401
vt 0.416061 0.394496
vt 0.426230 0.394693
vt 0.417859 0.301864
vt 0.418059 0.291572
vt 0.428228 0.291769
vt 0.428028 0.302062
vt 0.417659 0.312157
vt 0.427829 0.312354
vt 0.417459 0.322449
vt 0.427628 0.322646
vt 0.417259 0.332742
vt 0.427429 0.332939
vt 0.417060 0.343034
vt 0.427229 0.343231
vt 0.416860 0.353326
vt 0.427029 0.353524
vt 0.416660 0.363619
vt 0.426830 0.363816
vt 0.558352 0.458602
vt 0.529222 0.463691
vt 0.542960 0.456414
vt 0.569518 0.469420
vt 0.572193 0.484734
vt 0.565356 0.498697
vt 0.551618 0.505973
vt 0.536226 0.503785
vt 0.525059 0.492968
vt 0.522384 0.477653
vt 0.987726 0.300017
vt 0.982913 0.306514
vt 0.987801 0.291931
vt 0.975441 0.282776
vt 0.983108 0.285345
vt 0.967728 0.285204
vt 0.962915 0.291701
vt 0.962840 0.299787
vt 0.967533 0.306373
vt 0.975200 0.308942
vt 0.431415 0.384980
vt 0.431615 0.374687
vt 0.441784 0.374885
vt 0.441584 0.385177
vt 0.431215 0.395272
vt 0.441385 0.395470
vt 0.433013 0.302641
vt 0.433213 0.292348
vt 0.443382 0.292546
vt 0.443183 0.302838
vt 0.432813 0.312933
vt 0.442983 0.313131
vt 0.432614 0.323225
vt 0.442783 0.323423
vt 0.432414 0.333518
vt 0.442583 0.333715
vt 0.432214 0.343810
vt 0.442384 0.344008
vt 0.432014 0.354103
vt 0.442184 0.354300
vt 0.431815 0.364395
vt 0.441984 0.364592
vt 0.437262 0.457217
vt 0.408131 0.462306
vt 0.421870 0.455029
vt 0.448428 0.468034
vt 0.451103 0.483349
vt 0.444266 0.497312
vt 0.430527 0.504588
vt 0.415135 0.502400
vt 0.403969 0.491583
vt 0.401294 0.476268
vt 0.850507 0.178679
vt 0.845693 0.185177
vt 0.850581 0.170593
vt 0.838222 0.161438
vt 0.845889 0.164008
vt 0.830508 0.163866
vt 0.825695 0.170364
vt 0.825621 0.178450
vt 0.830313 0.185035
vt 0.837980 0.187605
vt 0.646228 0.940540
vt 0.646425 0.916340
vt 0.753543 0.917209
vt 0.753346 0.941409
vt 0.754073 0.869124
vt 0.753806 0.893323
vt 0.646691 0.892141
vt 0.646958 0.867942
vt 0.646103 0.964741
vt 0.753222 0.965297
vt 0.760162 0.931817
vt 0.760217 0.907616
vt 0.872835 0.907872
vt 0.872780 0.932073
vt 0.880379 0.860967
vt 0.880259 0.885167
vt 0.767738 0.884614
vt 0.767857 0.860413
vt 0.767579 0.954853
vt 0.880101 0.954811
vt 0.573618 0.775922
vt 0.565482 0.777367
vt 0.553418 0.719540
vt 0.560852 0.718220
vt 0.575062 0.784058
vt 0.566927 0.785502
vt 0.557399 0.779078
vt 0.549342 0.780911
vt 0.538669 0.722779
vt 0.546031 0.721105
vt 0.581691 0.774162
vt 0.568228 0.716612
vt 0.337726 0.503971
vt 0.329466 0.504171
vt 0.331410 0.445453
vt 0.338958 0.445271
vt 0.337925 0.512232
vt 0.329665 0.512431
vt 0.354235 0.504688
vt 0.345984 0.504242
vt 0.346504 0.445518
vt 0.354043 0.445925
vt 0.321204 0.503995
vt 0.323861 0.445292
vt 0.381228 0.449448
vt 0.388767 0.449044
vt 0.390738 0.507358
vt 0.382487 0.507801
vt 0.391180 0.515609
vt 0.382929 0.516052
vt 0.374234 0.507407
vt 0.365973 0.507220
vt 0.366138 0.448917
vt 0.373686 0.449088
vt 0.396278 0.448267
vt 0.398957 0.506508
vt 0.700075 0.287853
vt 0.668004 0.295562
vt 0.648690 0.263661
vt 0.695579 0.254430
vt 0.843606 0.503882
vt 0.857930 0.475349
vt 0.888413 0.487230
vt 0.868573 0.529254
vt 0.862421 0.441124
vt 0.895349 0.443057
vt 0.858042 0.406078
vt 0.890525 0.399375
vt 0.845565 0.372720
vt 0.875516 0.358537
vt 0.826094 0.342760
vt 0.852121 0.321823
vt 0.800266 0.318091
vt 0.820647 0.291480
vt 0.769273 0.300345
vt 0.782615 0.269863
vt 0.735088 0.290154
vt 0.740443 0.257551
vt 0.640775 0.234685
vt 0.694096 0.227652
vt 0.913939 0.494401
vt 0.894305 0.544198
vt 0.922161 0.443463
vt 0.916682 0.393127
vt 0.899380 0.346576
vt 0.872956 0.304528
vt 0.836875 0.269560
vt 0.793086 0.245046
vt 0.745004 0.231476
vt 0.691761 0.432185
vt 0.700556 0.461678
vt 0.674578 0.480254
vt 0.659093 0.432015
vt 0.725080 0.480532
vt 0.714602 0.511060
vt 0.756301 0.481374
vt 0.765738 0.512215
vt 0.781773 0.463060
vt 0.807691 0.482487
vt 0.791653 0.433546
vt 0.823807 0.434198
vt 0.782413 0.404233
vt 0.809385 0.385268
vt 0.757983 0.385561
vt 0.768192 0.354781
vt 0.726958 0.385054
vt 0.717179 0.354291
vt 0.701283 0.402720
vt 0.675331 0.383572
vt 0.651306 0.496556
vt 0.631936 0.431074
vt 0.706357 0.536848
vt 0.773399 0.537197
vt 0.829021 0.499275
vt 0.852452 0.434618
vt 0.831295 0.368839
vt 0.776095 0.328607
vt 0.708442 0.328536
vt 0.654329 0.367866
vt 0.741543 0.433110
vt 0.640642 0.228508
vt 0.694362 0.221765
vt 0.919783 0.495390
vt 0.900420 0.545894
vt 0.927808 0.443423
vt 0.922373 0.391876
vt 0.904831 0.343903
vt 0.877446 0.300811
vt 0.840334 0.265104
vt 0.795571 0.239747
vt 0.746320 0.225547
vt 0.694990 0.207872
vt 0.749425 0.211556
vt 0.801434 0.227239
vt 0.848498 0.254589
vt 0.888042 0.292040
vt 0.917698 0.337594
vt 0.935806 0.388924
vt 0.941137 0.443330
vt 0.933577 0.497722
vt 0.914852 0.549898
vt 0.640327 0.213930
vt 0.696997 0.163413
vt 0.759362 0.166782
vt 0.820198 0.187215
vt 0.874623 0.220939
vt 0.921949 0.263972
vt 0.958871 0.317404
vt 0.978791 0.379475
vt 0.983790 0.443030
vt 0.977719 0.505186
vt 0.961037 0.562711
vt 0.639319 0.167279
vt 0.932422 0.734758
vt 0.932110 0.687837
vt 0.937619 0.711262
vt 0.937831 0.729276
vt 0.973834 0.711022
vt 0.979342 0.734447
vt 0.973861 0.729037
vt 0.955606 0.693035
vt 0.979031 0.687526
vt 0.973621 0.693008
vt 0.955846 0.729249
vt 0.440219 0.622526
vt 0.440219 0.607611
vt 0.443311 0.607610
vt 0.446186 0.616560
vt 0.455135 0.595786
vt 0.455135 0.592695
vt 0.470051 0.592694
vt 0.464083 0.598662
vt 0.470051 0.607611
vt 0.470051 0.622526
vt 0.464083 0.616560
vt 0.466958 0.607610
vt 0.455135 0.622527
vt 0.455135 0.619434
vt 0.349255 0.792702
vt 0.365721 0.792735
vt 0.365715 0.796009
vt 0.349248 0.795976
vt 0.332788 0.792669
vt 0.332781 0.795943
vt 0.316321 0.792636
vt 0.316314 0.795910
vt 0.431588 0.792867
vt 0.448055 0.792901
vt 0.448049 0.796175
vt 0.431582 0.796142
vt 0.415122 0.792834
vt 0.415115 0.796109
vt 0.398655 0.792802
vt 0.398648 0.796076
vt 0.382188 0.792768
vt 0.382182 0.796043
vt 0.641793 0.043499
vt 0.644121 0.050746
vt 0.640693 0.054174
vt 0.637264 0.043499
vt 0.644121 0.036252
vt 0.640693 0.032824
vt 0.651368 0.033924
vt 0.651368 0.029394
vt 0.658615 0.036252
vt 0.662044 0.032824
vt 0.660944 0.043499
vt 0.665473 0.043499
vt 0.658615 0.050746
vt 0.662044 0.054174
vt 0.651368 0.053074
vt 0.651368 0.057604
vt 0.578060 0.819119
vt 0.587853 0.819104
vt 0.587858 0.821973
vt 0.578065 0.821987
vt 0.568267 0.819133
vt 0.568271 0.822001
vt 0.558474 0.819147
vt 0.558478 0.822015
vt 0.627026 0.819048
vt 0.636819 0.819034
vt 0.636823 0.821902
vt 0.627030 0.821916
vt 0.617233 0.819062
vt 0.617237 0.821930
vt 0.607440 0.819076
vt 0.607444 0.821945
vt 0.597647 0.819090
vt 0.597651 0.821959
vt 0.573965 0.053232
vt 0.566718 0.070054
vt 0.564390 0.062807
vt 0.566718 0.055560
vt 0.440219 0.592695
vt 0.446186 0.598662
vt 0.937592 0.693247
vt 0.581212 0.055560
vt 0.583540 0.062807
vt 0.581212 0.070054
vt 0.573965 0.072382
vt 0.465385 0.503758
vt 0.465059 0.456838
vt 0.470576 0.480261
vt 0.470793 0.498275
vt 0.506790 0.480010
vt 0.512306 0.503433
vt 0.506822 0.498025
vt 0.488557 0.462028
vt 0.511980 0.456512
vt 0.506572 0.461996
vt 0.488808 0.498242
vt 0.376235 0.622708
vt 0.376235 0.607793
vt 0.379327 0.607793
vt 0.382202 0.616742
vt 0.391151 0.595969
vt 0.391151 0.592877
vt 0.406067 0.592876
vt 0.400100 0.598844
vt 0.406067 0.607793
vt 0.406067 0.622709
vt 0.400100 0.616742
vt 0.402975 0.607792
vt 0.391151 0.622709
vt 0.391151 0.619616
vt 0.348665 0.801941
vt 0.365132 0.801974
vt 0.365125 0.805248
vt 0.348658 0.805216
vt 0.332198 0.801908
vt 0.332192 0.805182
vt 0.315731 0.801875
vt 0.315725 0.805149
vt 0.430999 0.802107
vt 0.447465 0.802140
vt 0.447459 0.805414
vt 0.430992 0.805381
vt 0.414532 0.802074
vt 0.414525 0.805348
vt 0.398065 0.802041
vt 0.398058 0.805315
vt 0.381598 0.802007
vt 0.381592 0.805282
vt 0.641632 0.074208
vt 0.643960 0.081455
vt 0.640532 0.084884
vt 0.637102 0.074208
vt 0.643960 0.066961
vt 0.640532 0.063533
vt 0.651207 0.064633
vt 0.651207 0.060104
vt 0.658454 0.066961
vt 0.661882 0.063533
vt 0.660782 0.074208
vt 0.665312 0.074208
vt 0.658454 0.081455
vt 0.661882 0.084883
vt 0.651207 0.083783
vt 0.651207 0.088313
vt 0.579178 0.809125
vt 0.588971 0.809111
vt 0.588975 0.811979
vt 0.579182 0.811993
vt 0.569385 0.809139
vt 0.569389 0.812008
vt 0.559591 0.809153
vt 0.559596 0.812022
vt 0.628143 0.809054
vt 0.637936 0.809040
vt 0.637940 0.811909
vt 0.628147 0.811923
vt 0.618350 0.809069
vt 0.618354 0.811937
vt 0.608557 0.809083
vt 0.608561 0.811951
vt 0.598764 0.809097
vt 0.598768 0.811965
vt 0.530529 0.052685
vt 0.523282 0.069508
vt 0.520954 0.062261
vt 0.523282 0.055014
vt 0.376235 0.592877
vt 0.382202 0.598844
vt 0.470543 0.462246
vt 0.537776 0.055014
vt 0.540104 0.062261
vt 0.537776 0.069508
vt 0.530529 0.071836
vt 0.122521 0.710192
vt 0.119427 0.630465
vt 0.186585 0.627799
vt 0.189714 0.707595
vt 0.491599 0.620705
vt 0.570466 0.620748
vt 0.574406 0.639096
vt 0.487638 0.639048
vt 0.170967 0.514615
vt 0.183255 0.593506
vt 0.116847 0.603765
vt 0.104632 0.524904
vt 0.182175 0.610918
vt 0.130604 0.615909
vt 0.121976 0.737037
vt 0.134789 0.723837
vt 0.186657 0.724759
vt 0.189135 0.742012
vt 0.487658 0.602358
vt 0.574426 0.602405
vt 0.308206 0.657708
vt 0.307549 0.687267
vt 0.193145 0.687202
vt 0.193150 0.657653
vt 0.341527 0.686816
vt 0.340777 0.652139
vt 0.201741 0.650962
vt 0.299212 0.651007
vt 0.305375 0.644727
vt 0.299501 0.612545
vt 0.292443 0.619320
vt 0.214128 0.619280
vt 0.209120 0.612496
vt 0.568456 0.701330
vt 0.568433 0.700082
vt 0.665902 0.698319
vt 0.665925 0.699567
vt 0.658508 0.665513
vt 0.658530 0.666762
vt 0.580223 0.668178
vt 0.580201 0.666930
vt 0.659773 0.666640
vt 0.667146 0.698197
vt 0.579007 0.667896
vt 0.567217 0.699799
vt 0.336709 0.758743
vt 0.343470 0.766491
vt 0.295876 0.771748
vt 0.304117 0.762799
vt 0.202106 0.735919
vt 0.201158 0.736040
vt 0.197157 0.703440
vt 0.198447 0.703392
vt 0.433849 0.766939
vt 0.437914 0.761979
vt 0.462235 0.765833
vt 0.466247 0.771491
vt 0.082147 0.608344
vt 0.082202 0.606959
vt 0.106808 0.607931
vt 0.106753 0.609315
vt 0.257872 0.704410
vt 0.253101 0.736792
vt 0.343799 0.700061
vt 0.434178 0.700509
vt 0.924747 0.870155
vt 0.989776 0.869987
vt 0.989637 0.963063
vt 0.925366 0.963229
vt 0.568647 0.707728
vt 0.666124 0.706480
vt 0.659730 0.738249
vt 0.581416 0.739251
vt 0.266723 0.693412
vt 0.296258 0.694335
vt 0.266333 0.772379
vt 0.542533 0.832233
vt 0.657584 0.833356
vt 0.657288 0.862904
vt 0.542887 0.861798
vt 0.536362 0.767569
vt 0.501811 0.765009
vt 0.502118 0.703110
vt 0.536693 0.700893
vt 0.510021 0.826332
vt 0.508916 0.860999
vt 0.930058 0.843063
vt 0.984327 0.842924
vt 0.304411 0.703365
vt 0.336962 0.707743
vt 0.198469 0.702102
vt 0.257895 0.703120
vt 0.259160 0.704502
vt 0.254046 0.736945
vt 0.253085 0.737749
vt 0.202090 0.736875
vt 0.551595 0.825625
vt 0.649063 0.826578
vt 0.545496 0.819282
vt 0.551701 0.787162
vt 0.642076 0.788038
vt 0.636999 0.794770
vt 0.558690 0.794009
vt 0.568631 0.706479
vt 0.666108 0.705231
vt 0.667370 0.706563
vt 0.660977 0.738332
vt 0.659746 0.739498
vt 0.581432 0.740501
vt 0.567440 0.708049
vt 0.580209 0.739572
vt 0.075850 0.550846
vt 0.099615 0.544398
vt 0.466619 0.696277
vt 0.438193 0.705508
vt 0.462551 0.701895
vt 0.080825 0.607115
vt 0.074473 0.551002
vt 0.075486 0.549509
vt 0.099252 0.543060
vt 0.100992 0.544242
vt 0.108185 0.607775
vt 0.454248 0.678273
vt 0.563444 0.678258
vt 0.563446 0.691448
vt 0.454249 0.691463
vt 0.346561 0.678288
vt 0.373807 0.678285
vt 0.373809 0.691474
vt 0.346563 0.691478
vt 0.071117 0.533877
vt 0.071045 0.544570
vt 0.018716 0.544220
vt 0.018788 0.533527
vt 0.429493 0.691467
vt 0.429491 0.678277
vt 0.407189 0.691470
vt 0.407187 0.678280
vt 0.388827 0.691472
vt 0.388825 0.678283
vt 0.069280 0.425428
vt 0.071710 0.445352
vt 0.008095 0.533455
vt 0.009039 0.392772
vt 0.019732 0.392844
vt 0.062900 0.408509
vt 0.053257 0.397169
vt 0.041820 0.392992
vt 0.586409 0.655705
vt 0.586372 0.632398
vt 0.768691 0.632112
vt 0.768728 0.655420
vt 0.586327 0.603855
vt 0.768647 0.603569
vt 0.768683 0.626876
vt 0.586364 0.627162
vt 0.586417 0.660941
vt 0.768736 0.660656
vt 0.773964 0.655411
vt 0.773928 0.632104
vt 0.581136 0.632406
vt 0.581173 0.655713
vt 0.627153 0.572937
vt 0.736906 0.572424
vt 0.737026 0.598113
vt 0.627273 0.598626
vt 0.749204 0.572367
vt 0.749324 0.598056
vt 0.505103 0.573508
vt 0.614855 0.572995
vt 0.614975 0.598684
vt 0.505223 0.599197
vt 0.783926 0.639887
vt 0.966242 0.638808
vt 0.966380 0.662115
vt 0.784064 0.663194
vt 0.783895 0.634651
vt 0.783757 0.611344
vt 0.966074 0.610266
vt 0.966212 0.633572
vt 0.971478 0.638777
vt 0.971616 0.662084
vt 0.966411 0.667351
vt 0.784095 0.668430
vt 0.778828 0.663225
vt 0.778690 0.639918
vt 0.280802 0.164165
vt 0.318911 0.164255
vt 0.318532 0.324126
vt 0.280423 0.324036
vt 0.329230 0.164279
vt 0.328851 0.324151
vt 0.318507 0.334445
vt 0.280399 0.334355
vt 0.270104 0.324011
vt 0.270483 0.164140
vt 0.298495 0.958460
vt 0.299106 0.816667
vt 0.460973 0.817365
vt 0.460362 0.959157
vt 0.713401 0.130641
vt 0.713581 0.152265
vt 0.672523 0.152609
vt 0.329660 0.155475
vt 0.126243 0.157176
vt 0.008852 0.136532
vt 0.329480 0.133851
vt 0.789680 0.130003
vt 0.789861 0.151627
vt 0.864751 0.129376
vt 0.864932 0.151000
vt 0.933508 0.128801
vt 0.933688 0.150425
vt 0.915776 0.150575
vt 0.915596 0.128950
vt 0.898102 0.129097
vt 0.898283 0.150721
vt 0.881218 0.129238
vt 0.881399 0.150862
vt 0.501595 0.991930
vt 0.501799 0.869643
vt 0.590013 0.869570
vt 0.479325 0.970848
vt 0.479249 0.801012
vt 0.262623 0.992085
vt 0.285470 0.970970
vt 0.262502 0.780162
vt 0.285289 0.801061
vt 0.501756 0.780049
vt 0.453477 0.801003
vt 0.453418 0.780011
vt 0.292709 0.958435
vt 0.293320 0.816643
vt 0.299131 0.810881
vt 0.460998 0.811579
vt 0.466759 0.817390
vt 0.466149 0.959182
vt 0.319988 0.964339
vt 0.298470 0.964246
vt 0.438820 0.964850
vt 0.460338 0.964943
vt 0.311107 0.780152
vt 0.311150 0.801054
vt 0.509995 0.153968
vt 0.509814 0.132343
vt 0.551382 0.153621
vt 0.917903 0.781557
vt 0.672222 0.780864
vt 0.672324 0.744724
vt 0.918005 0.745417
vt 0.989290 0.745618
vt 0.989188 0.781758
vt 0.917702 0.852842
vt 0.672021 0.852149
vt 0.601040 0.744523
vt 0.600937 0.780663
vt 0.672526 0.673439
vt 0.918206 0.674132
vt 0.009032 0.158156
vt 0.608838 0.873839
vt 0.635588 0.903114
vt 0.639423 0.991852
vt 0.624862 0.885576
vt 0.639356 0.923814
vt 0.006723 0.550792
vt 0.068225 0.575460
vt 0.068311 0.619796
vt 0.066063 0.565978
vt 0.060151 0.557948
vt 0.051316 0.552592
vt 0.040904 0.550725
vt 0.991382 0.128317
vt 0.991563 0.149941
vt 0.113593 0.739944
vt 0.007090 0.740150
vt 0.113360 0.619708
vt 0.006312 0.749175
vt 0.254667 0.749175
vt 0.254667 0.993068
vt 0.006312 0.993068
vt 0.358391 0.329040
vt 0.365936 0.329310
vt 0.365185 0.388590
vt 0.356927 0.388294
vt 0.364889 0.396847
vt 0.356632 0.396552
vt 0.381708 0.388332
vt 0.373447 0.388517
vt 0.373486 0.329244
vt 0.381035 0.329074
vt 0.350848 0.328692
vt 0.348673 0.387913
vt 0.382484 0.418467
vt 0.382357 0.426729
vt 0.323051 0.424591
vt 0.323166 0.417042
vt 0.390745 0.418593
vt 0.390619 0.426855
vt 0.381988 0.434984
vt 0.381420 0.443227
vt 0.322195 0.439666
vt 0.322714 0.432134
vt 0.382611 0.410205
vt 0.323283 0.409492
vt 0.350584 0.308472
vt 0.342327 0.308142
vt 0.343798 0.249083
vt 0.351342 0.249384
vt 0.350788 0.316732
vt 0.358844 0.308268
vt 0.359049 0.316528
vt 0.367104 0.308050
vt 0.358890 0.249197
vt 0.366438 0.248998
vt 0.373987 0.249106
vt 0.375366 0.308168
vt 0.465842 0.672309
vt 0.465961 0.644644
vt 0.569500 0.645089
vt 0.569381 0.672754
vt 0.996704 0.158135
vt 0.996547 0.263294
vt 0.994115 0.263385
vt 0.994863 0.159497
vt 0.926289 0.158994
vt 0.927298 0.159712
vt 0.925173 0.260237
vt 0.923893 0.260092
vt 0.348786 0.671972
vt 0.348845 0.643463
vt 0.456259 0.643684
vt 0.456201 0.672193
vt 0.960951 0.158766
vt 0.961789 0.159457
vt 0.959919 0.262738
vt 0.958778 0.262673
vt 0.989778 0.257991
vt 0.990545 0.163531
vt 0.965979 0.163451
vt 0.964403 0.257464
vt 0.954707 0.257236
vt 0.956670 0.163077
vt 0.931456 0.163472
vt 0.929637 0.255429
vt 0.382071 0.568124
vt 0.381811 0.522076
vt 0.504896 0.521381
vt 0.505156 0.567429
vt 0.262305 0.007563
vt 0.491492 0.008218
vt 0.491172 0.120038
vt 0.261985 0.119382
vt 0.079939 0.386411
vt 0.135078 0.386881
vt 0.134043 0.508174
vt 0.078904 0.507703
vt 0.059394 0.006982
vt 0.059094 0.111939
vt 0.694083 0.120618
vt 0.608229 0.120372
vt 0.694102 0.113756
vt 0.059074 0.118801
vt 0.012912 0.111807
vt 0.013212 0.006850
vt 0.608549 0.008553
vt 0.598233 0.076025
vt 0.598377 0.025813
vt 0.501421 0.075748
vt 0.501565 0.025536
vt 0.516359 0.565884
vt 0.516621 0.515672
vt 0.518125 0.515680
vt 0.517864 0.565891
vt 0.518133 0.514175
vt 0.614945 0.514680
vt 0.614937 0.516185
vt 0.616442 0.516193
vt 0.616180 0.566404
vt 0.614675 0.566396
vt 0.614667 0.567901
vt 0.517856 0.567396
vt 0.630822 0.091677
vt 0.671654 0.091794
vt 0.628736 0.028168
vt 0.628561 0.089403
vt 0.671842 0.026023
vt 0.694403 0.008799
vt 0.674104 0.028298
vt 0.673929 0.089533
vt 0.316360 0.522671
vt 0.324679 0.520866
vt 0.324185 0.597633
vt 0.316165 0.595923
vt 0.312133 0.600558
vt 0.312104 0.609039
vt 0.199986 0.608661
vt 0.200014 0.600180
vt 0.196074 0.595237
vt 0.187765 0.597072
vt 0.188349 0.520315
vt 0.196376 0.522009
vt 0.200357 0.517392
vt 0.200386 0.508911
vt 0.312495 0.509287
vt 0.312466 0.517768
vt 0.524149 0.521564
vt 0.523949 0.560070
vt 0.608852 0.522006
vt 0.608651 0.560512
vt 0.079950 0.385157
vt 0.135088 0.385627
vt 0.136332 0.386892
vt 0.135297 0.508185
vt 0.134032 0.509428
vt 0.078894 0.508957
vt 0.077650 0.507692
vt 0.078685 0.386400
vt 0.321553 0.515106
vt 0.321079 0.603750
vt 0.190928 0.602840
vt 0.191388 0.514222
vt 0.991084 0.106066
vt 0.991088 0.111221
vt 0.818903 0.111356
vt 0.818899 0.106200
vt 0.904916 0.009745
vt 0.930614 0.008748
vt 0.818824 0.009812
vt 0.813668 0.009816
vt 0.813744 0.106204
vt 0.991009 0.009677
vt 0.996165 0.009673
vt 0.996240 0.106062
vt 0.956313 0.009705
vt 0.706856 0.045955
vt 0.706753 0.082030
vt 0.808996 0.009127
vt 0.790617 0.046194
vt 0.808696 0.114084
vt 0.790513 0.082270
vt 0.480701 0.583815
vt 0.480834 0.631202
vt 0.478205 0.631209
vt 0.478073 0.583823
vt 0.365554 0.631522
vt 0.365422 0.584136
vt 0.368051 0.584129
vt 0.368182 0.631515
vt 0.368043 0.581500
vt 0.478066 0.581194
vt 0.471616 0.625655
vt 0.471515 0.589413
vt 0.374741 0.625925
vt 0.374640 0.589682
vt 0.379745 0.568137
vt 0.379485 0.522089
vt 0.381798 0.519750
vt 0.504883 0.519055
vt 0.507222 0.521368
vt 0.507482 0.567416
vt 0.505169 0.569755
vt 0.382084 0.570450
vt 0.631011 0.025907
vt 0.463673 0.672299
vt 0.463792 0.644635
vt 0.465970 0.642475
vt 0.569509 0.642920
vt 0.571668 0.645099
vt 0.571550 0.672763
vt 0.569372 0.674923
vt 0.465833 0.674477
vt 0.346536 0.671967
vt 0.346595 0.643458
vt 0.348849 0.641213
vt 0.456264 0.641434
vt 0.458510 0.643688
vt 0.458451 0.672198
vt 0.456196 0.674443
vt 0.348782 0.674222
vt 0.335026 0.397942
vt 0.326767 0.398176
vt 0.326529 0.339044
vt 0.334077 0.338830
vt 0.335260 0.406202
vt 0.327001 0.406436
vt 0.318507 0.398397
vt 0.310248 0.398129
vt 0.311435 0.339001
vt 0.318982 0.339245
vt 0.343289 0.397997
vt 0.341627 0.338880
vt 0.280103 0.344419
vt 0.287642 0.344006
vt 0.288324 0.402585
vt 0.280073 0.403037
vt 0.288776 0.410835
vt 0.280525 0.411287
vt 0.304837 0.402316
vt 0.296575 0.402156
vt 0.295182 0.343614
vt 0.302731 0.343760
vt 0.272559 0.344112
vt 0.271817 0.402700
vt 0.892884 0.160470
vt 0.900433 0.160596
vt 0.900271 0.219736
vt 0.892009 0.219598
vt 0.900133 0.227997
vt 0.891871 0.227859
vt 0.916788 0.219237
vt 0.908528 0.219429
vt 0.907978 0.160316
vt 0.915527 0.160140
vt 0.885345 0.160057
vt 0.883758 0.219146
vt 0.353877 0.574448
vt 0.345631 0.574969
vt 0.344421 0.516310
vt 0.351956 0.515834
vt 0.354398 0.582694
vt 0.346152 0.583215
vt 0.370402 0.574366
vt 0.362140 0.574487
vt 0.359507 0.515870
vt 0.367056 0.515760
vt 0.337382 0.575448
vt 0.336884 0.516749
vt 0.597418 0.541950
vt 0.597639 0.549497
vt 0.538521 0.550075
vt 0.538280 0.541815
vt 0.530262 0.550316
vt 0.530020 0.542057
vt 0.538546 0.533557
vt 0.538925 0.525303
vt 0.598008 0.526861
vt 0.597662 0.534404
vt 0.597940 0.557041
vt 0.538850 0.558331
vt 0.284636 0.431051
vt 0.292174 0.430622
vt 0.294378 0.489577
vt 0.286129 0.490047
vt 0.294848 0.497826
vt 0.286599 0.498296
vt 0.310875 0.488691
vt 0.302616 0.488938
vt 0.299701 0.430038
vt 0.307248 0.429812
vt 0.277086 0.430940
vt 0.277867 0.489926
vt 0.778797 0.064086
vt 0.778790 0.072349
vt 0.719459 0.071067
vt 0.719465 0.063516
vt 0.787060 0.064093
vt 0.787053 0.072356
vt 0.778857 0.047561
vt 0.778805 0.055823
vt 0.719473 0.055966
vt 0.719521 0.048416
vt 0.778540 0.080608
vt 0.719231 0.078614
vt 0.072200 0.361636
vt 0.072247 0.369898
vt 0.012860 0.369800
vt 0.012817 0.362249
vt 0.080462 0.361588
vt 0.080509 0.369851
vt 0.072183 0.378161
vt 0.072010 0.386422
vt 0.012644 0.384898
vt 0.012802 0.377350
vt 0.072065 0.353374
vt 0.012694 0.354700
vt 0.908704 0.936186
vt 0.900442 0.936315
vt 0.900807 0.877166
vt 0.908357 0.877048
vt 0.908833 0.944448
vt 0.900571 0.944577
vt 0.892180 0.936452
vt 0.883924 0.936121
vt 0.885714 0.876988
vt 0.893258 0.877290
vt 0.916965 0.936325
vt 0.915906 0.877175
vn 0.177417 0.984136 -0.000000
vn 0.395546 0.918446 -0.000000
vn 0.395545 0.918446 -0.000000
vn 0.177417 0.984136 -0.000000
vn 0.000000 0.000000 1.000000
vn 0.000000 0.000000 1.000000
vn 0.000000 0.000000 1.000000
vn 0.000000 0.000000 1.000000
vn 0.710338 0.703860 -0.000002
vn 0.710338 0.703860 -0.000002
vn 0.854835 0.518900 -0.000002
vn 0.854835 0.518900 -0.000002
vn 0.000000 0.000000 -1.000000
vn 0.000000 0.000000 -1.000000
vn 0.000000 0.000000 -1.000000
vn 0.000000 0.000000 -1.000000
vn -0.854835 0.518900 -0.000002
vn -0.710338 0.703861 -0.000002
vn -0.710338 0.703861 -0.000002
vn -0.854835 0.518900 -0.000002
vn 0.000000 0.000000 1.000000
vn 0.000000 0.000000 1.000000
vn 0.000000 0.000000 1.000000
vn 0.000000 0.000000 1.000000
vn 0.854835 -0.518900 -0.000001
vn 0.854835 -0.518900 -0.000001
vn 0.710337 -0.703861 -0.000001
vn 0.710337 -0.703861 -0.000001
vn 0.000000 0.000000 -1.000000
vn 0.000000 0.000000 -1.000000
vn 0.000000 0.000000 -1.000000
vn 0.000000 0.000000 -1.000000
vn -0.710337 -0.703862 -0.000002
vn -0.854835 -0.518900 -0.000002
vn -0.854835 -0.518901 -0.000002
vn -0.710337 -0.703862 -0.000002
vn 0.000000 0.000000 1.000000
vn 0.000000 0.000000 1.000000
vn 0.000000 0.000000 1.000000
vn 0.000000 0.000000 1.000000
vn 0.854835 0.518900 -0.000002
vn 1.000000 0.000000 -0.000002
vn 1.000000 0.000000 -0.000002
vn 0.854835 0.518900 -0.000002
vn 0.000000 0.000000 -1.000000
vn 0.000000 0.000000 -1.000000
vn 0.000000 0.000000 -1.000000
vn 0.000000 0.000000 -1.000000
vn -1.000000 0.000000 -0.000002
vn -0.854835 0.518900 -0.000002
vn -0.854835 0.518900 -0.000002
vn -1.000000 0.000000 -0.000002
vn 0.000000 0.000000 1.000000
vn 0.000000 0.000000 1.000000
vn 0.000000 0.000000 1.000000
vn 0.000000 0.000000 1.000000
vn 1.000000 0.000000 -0.000002
vn 0.854835 -0.518900 -0.000001
vn 0.854835 -0.518900 -0.000001
vn 1.000000 0.000000 -0.000002
vn 0.000000 0.000000 -1.000000
vn 0.000000 0.000000 -1.000000
vn 0.000000 0.000000 -1.000000
vn 0.000000 0.000000 -1.000000
vn -0.854835 -0.518900 -0.000002
vn -1.000000 0.000000 -0.000002
vn -1.000000 0.000000 -0.000002
vn -0.854835 -0.518901 -0.000002
vn 0.000000 0.000000 1.000000
vn 0.000000 0.000000 1.000000
vn 0.000000 0.000000 1.000000
vn 0.000000 0.000000 1.000000
vn 1.000000 0.000000 -0.000002
vn 1.000000 0.000000 -0.000002
vn 1.000000 0.000000 -0.000002
vn 1.000000 0.000000 -0.000002
vn 0.000000 0.000000 -1.000000
vn 0.000000 0.000000 -1.000000
vn 0.000000 0.000000 -1.000000
vn 0.000000 0.000000 -1.000000
vn -1.000000 0.000000 -0.000002
vn -1.000000 0.000000 -0.000002
vn -1.000000 0.000000 -0.000002
vn -1.000000 0.000000 -0.000002
vn 0.395546 0.918446 -0.000000
vn 0.813603 0.581421 -0.000002
vn 0.813603 0.581421 -0.000002
vn 0.395545 0.918446 -0.000000
vn 0.000000 0.000000 -1.000000
vn 0.000000 0.000000 -1.000000
vn 0.000000 0.000000 -1.000000
vn -0.813603 0.581421 -0.000001
vn -0.813603 0.581421 -0.000001
vn -0.395546 0.918446 -0.000001
vn -0.395546 0.918446 -0.000001
vn 0.000000 0.000000 1.000000
vn 0.000000 0.000000 1.000000
vn 0.000000 0.000000 1.000000
vn 0.000000 0.000000 1.000000
vn 0.854325 -0.519739 -0.000001
vn 0.854325 -0.519739 -0.000001
vn 0.744879 -0.667200 -0.000001
vn 0.744879 -0.667200 -0.000001
vn 0.000000 0.000000 -1.000000
vn 0.000000 0.000000 -1.000000
vn 0.000000 0.000000 -1.000000
vn 0.000000 0.000000 -1.000000
vn -0.744879 -0.667199 -0.000001
vn -0.854325 -0.519739 -0.000001
vn -0.854325 -0.519739 -0.000001
vn -0.744879 -0.667199 -0.000001
vn 0.000000 0.000000 1.000000
vn 0.000000 0.000000 1.000000
vn 0.000000 0.000000 1.000000
vn 0.000000 0.000000 1.000000
vn 0.813603 0.581421 -0.000002
vn 1.000000 0.000000 -0.000002
vn 1.000000 0.000000 -0.000002
vn 0.813603 0.581421 -0.000002
vn 0.000000 0.000000 -1.000000
vn 0.000000 0.000000 -1.000000
vn 0.000000 0.000000 -1.000000
vn 0.000000 0.000000 -1.000000
vn -1.000000 -0.000001 -0.000001
vn -0.813603 0.581421 -0.000001
vn -0.813603 0.581421 -0.000001
vn -1.000000 -0.000001 -0.000001
vn 0.000000 0.000000 -1.000000
vn 0.000000 0.000000 -1.000000
vn 0.000000 0.000000 -1.000000
vn -0.395546 0.918446 -0.000001
vn -0.177417 0.984136 -0.000000
vn -0.177417 0.984136 -0.000000
vn -0.395546 0.918446 -0.000001
vn 0.000000 0.000000 1.000000
vn 0.000000 0.000000 1.000000
vn 0.000000 0.000000 1.000000
vn -0.000000 0.000000 -1.000000
vn -0.000000 0.000000 -1.000000
vn -0.000000 0.000000 -1.000000
vn -0.000000 0.000000 -1.000000
vn -0.177417 0.984136 -0.000000
vn -0.000000 1.000000 -0.000000
vn 0.000000 1.000000 -0.000000
vn -0.177417 0.984136 -0.000000
vn 0.000000 0.000000 1.000000
vn 0.000000 0.000000 1.000000
vn 0.000000 0.000000 1.000000
vn 0.000000 0.000000 1.000000
vn 0.000000 0.000000 -1.000000
vn 0.000000 0.000000 -1.000000
vn 0.000000 0.000000 -1.000000
vn -0.000000 1.000000 -0.000000
vn 0.177417 0.984136 -0.000000
vn 0.177417 0.984136 -0.000000
vn 0.000000 1.000000 -0.000000
vn 0.000000 0.000000 1.000000
vn 0.000000 0.000000 1.000000
vn 0.000000 0.000000 1.000000
vn 0.000000 0.000000 1.000000
vn 0.000000 0.000000 1.000000
vn 0.000000 0.000000 1.000000
vn 0.000000 0.000000 1.000000
vn 1.000000 0.000000 -0.000002
vn 0.854325 -0.519739 -0.000001
vn 0.854325 -0.519739 -0.000001
vn 1.000000 0.000000 -0.000002
vn 0.000000 0.000000 -1.000000
vn 0.000000 0.000000 -1.000000
vn 0.000000 0.000000 -1.000000
vn 0.000000 0.000000 -1.000000
vn -0.854325 -0.519739 -0.000001
vn -1.000000 -0.000001 -0.000001
vn -1.000000 -0.000001 -0.000001
vn -0.854325 -0.519739 -0.000001
vn 0.000000 0.000000 1.000000
vn 0.000000 0.000000 1.000000
vn 0.000000 0.000000 1.000000
vn 0.000000 0.000013 1.000000
vn 0.000000 0.000013 1.000000
vn 0.000000 0.000013 1.000000
vn 0.000000 0.000013 1.000000
vn 0.000000 0.000018 -1.000000
vn 0.000000 0.000018 -1.000000
vn 0.000000 0.000018 -1.000000
vn 1.000000 0.000022 0.000000
vn 1.000000 0.000022 0.000000
vn 1.000000 0.000022 0.000000
vn -1.000000 0.000013 0.000000
vn -1.000000 0.000013 0.000000
vn -1.000000 0.000013 0.000000
vn -1.000000 0.000013 0.000000
vn 0.000000 1.000000 0.000001
vn 0.000000 1.000000 0.000001
vn 0.000000 1.000000 0.000001
vn 0.000000 1.000000 0.000001
vn 0.000000 1.000000 0.000001
vn 0.000000 1.000000 0.000001
vn 0.000000 1.000000 0.000001
vn 0.000000 1.000000 0.000001
vn 0.000000 1.000000 -0.000000
vn 0.000000 1.000000 -0.000000
vn 0.000000 1.000000 -0.000000
vn 0.000000 1.000000 -0.000000
vn 0.000000 1.000000 -0.000001
vn 0.000000 1.000000 -0.000001
vn 0.000000 1.000000 -0.000001
vn 0.000000 1.000000 -0.000001
vn 0.000000 1.000000 0.000000
vn 0.000000 1.000000 0.000000
vn 0.000000 1.000000 0.000000
vn 0.000000 1.000000 0.000000
vn -0.000000 0.000000 -1.000000
vn 0.707108 0.000000 -0.707106
vn 0.707108 0.000000 -0.707106
vn -0.000000 0.000000 -1.000000
vn -0.707107 0.000000 -0.707107
vn -0.000000 0.000000 -1.000000
vn -0.000000 0.000000 -1.000000
vn -0.707107 0.000000 -0.707107
vn -1.000000 0.000000 -0.000000
vn -0.707107 0.000000 -0.707107
vn -0.707107 0.000000 -0.707107
vn -1.000000 0.000000 -0.000000
vn -0.707106 0.000000 0.707107
vn -1.000000 0.000000 -0.000000
vn -1.000000 0.000000 -0.000000
vn -0.707106 0.000000 0.707107
vn 0.000000 0.000000 1.000000
vn -0.707106 0.000000 0.707107
vn -0.707106 0.000000 0.707107
vn 0.000000 0.000000 1.000000
vn 0.707107 0.000000 0.707106
vn 0.000000 0.000000 1.000000
vn 0.000000 0.000000 1.000000
vn 0.707107 0.000000 0.707106
vn 1.000000 0.000000 0.000000
vn 0.707107 0.000000 0.707106
vn 0.707107 0.000000 0.707106
vn 1.000000 0.000000 0.000000
vn 0.707108 0.000000 -0.707106
vn 0.707108 0.000000 -0.707106
vn 1.000000 0.000000 0.000000
vn 1.000000 0.000000 0.000000
vn 0.000000 1.000000 -0.000002
vn 0.000000 1.000000 -0.000002
vn 0.000000 1.000000 -0.000002
vn 0.000000 1.000000 -0.000002
vn 0.000000 1.000000 0.000000
vn 0.000000 1.000000 0.000000
vn 0.000000 1.000000 0.000000
vn 0.000000 1.000000 0.000000
vn 0.000000 1.000000 0.000000
vn 0.000000 1.000000 0.000000
vn 0.000000 1.000000 0.000000
vn 0.000000 1.000000 0.000000
vn 0.000000 1.000000 -0.000001
vn 0.000000 1.000000 -0.000001
vn 0.000000 1.000000 -0.000001
vn 0.000000 1.000000 -0.000001
vn 0.000000 1.000000 0.000000
vn 0.000000 1.000000 0.000000
vn 0.000000 1.000000 0.000000
vn 0.000000 1.000000 0.000000
vn 0.000000 1.000000 0.000002
vn 0.000000 1.000000 0.000002
vn 0.000000 1.000000 0.000002
vn 0.000000 1.000000 0.000002
vn 0.000000 1.000000 0.000000
vn 0.000000 1.000000 0.000000
vn 0.000000 1.000000 0.000000
vn 0.000000 1.000000 0.000000
vn 0.000000 1.000000 0.000000
vn 0.000000 1.000000 0.000000
vn 0.000000 1.000000 0.000000
vn 0.000000 1.000000 0.000000
vn 0.000000 0.000000 1.000000
vn -0.707106 0.000000 0.707107
vn -0.707106 0.000000 0.707107
vn 0.000000 0.000000 1.000000
vn 0.707108 0.000000 0.707106
vn 0.000000 0.000000 1.000000
vn 0.000000 0.000000 1.000000
vn 0.707108 0.000000 0.707106
vn 1.000000 0.000000 0.000000
vn 0.707108 0.000000 0.707106
vn 0.707108 0.000000 0.707106
vn 1.000000 0.000000 0.000000
vn 0.707107 0.000000 -0.707106
vn 1.000000 0.000000 0.000000
vn 1.000000 0.000000 0.000000
vn 0.707107 0.000000 -0.707106
vn 0.000000 0.000000 -1.000000
vn 0.707107 0.000000 -0.707106
vn 0.707107 0.000000 -0.707106
vn 0.000000 0.000000 -1.000000
vn -0.707106 0.000000 -0.707108
vn 0.000000 0.000000 -1.000000
vn 0.000000 0.000000 -1.000000
vn -0.707106 0.000000 -0.707108
vn -1.000000 0.000000 0.000000
vn -0.707106 0.000000 -0.707108
vn -0.707106 0.000000 -0.707108
vn -1.000000 0.000000 0.000000
vn -0.707106 0.000000 0.707107
vn -0.707106 0.000000 0.707107
vn -1.000000 0.000000 0.000000
vn -1.000000 0.000000 0.000000
vn 0.000000 1.000000 0.000002
vn 0.000000 1.000000 0.000002
vn 0.000000 1.000000 0.000002
vn 0.000000 1.000000 0.000000
vn 0.000000 1.000000 0.000000
vn 0.000000 1.000000 0.000000
vn 0.000000 1.000000 -0.000001
vn 0.000000 1.000000 -0.000001
vn 0.000000 1.000000 -0.000001
vn 0.000000 1.000000 -0.000001
vn 1.000000 0.000021 0.000000
vn 1.000000 0.000021 0.000000
vn 1.000000 0.000021 0.000000
vn 1.000000 0.000021 0.000000
vn -1.000000 0.000011 0.000000
vn -1.000000 0.000011 0.000000
vn -1.000000 0.000011 0.000000
vn 0.000000 1.000000 0.000001
vn 0.000000 1.000000 0.000001
vn 0.000000 1.000000 0.000001
vn 0.000000 1.000000 0.000001
vn 0.000000 0.000018 -1.000000
vn 0.000000 0.000018 -1.000000
vn 0.000000 0.000018 -1.000000
vn 0.000000 0.000018 -1.000000
vn 0.000000 0.000013 1.000000
vn 0.000000 0.000013 1.000000
vn 0.000000 0.000013 1.000000
vn 0.000000 1.000000 -0.000000
vn 0.000000 1.000000 -0.000000
vn 0.000000 1.000000 -0.000000
vn 0.000000 1.000000 -0.000000
vn 0.000000 1.000000 0.000000
vn 0.000000 1.000000 0.000000
vn 0.000000 1.000000 0.000000
vn 0.000000 1.000000 0.000000
vn 0.000000 1.000000 0.000000
vn 0.000000 1.000000 0.000000
vn 0.000000 1.000000 0.000000
vn 0.000000 1.000000 0.000000
vn 0.000000 1.000000 0.000000
vn 0.000000 1.000000 0.000000
vn 0.000000 1.000000 0.000000
vn 0.000000 1.000000 0.000000
vn 0.000000 0.000012 1.000000
vn 0.000000 0.000012 1.000000
vn 0.000000 0.000012 1.000000
vn 0.000000 0.000012 1.000000
vn 0.000000 0.000018 -1.000000
vn 0.000000 0.000018 -1.000000
vn 0.000000 0.000018 -1.000000
vn 1.000000 0.000020 0.000000
vn 1.000000 0.000020 0.000000
vn 1.000000 0.000020 0.000000
vn -1.000000 0.000014 0.000000
vn -1.000000 0.000014 0.000000
vn -1.000000 0.000014 0.000000
vn -1.000000 0.000014 0.000000
vn 0.000000 1.000000 0.000001
vn 0.000000 1.000000 0.000001
vn 0.000000 1.000000 0.000001
vn 0.000000 1.000000 0.000001
vn 0.000000 1.000000 0.000001
vn 0.000000 1.000000 0.000001
vn 0.000000 1.000000 0.000001
vn 0.000000 1.000000 0.000001
vn 0.000000 1.000000 -0.000000
vn 0.000000 1.000000 -0.000000
vn 0.000000 1.000000 -0.000000
vn 0.000000 1.000000 -0.000000
vn 0.000000 1.000000 -0.000001
vn 0.000000 1.000000 -0.000001
vn 0.000000 1.000000 -0.000001
vn 0.000000 1.000000 -0.000001
vn 0.000000 1.000000 0.000000
vn 0.000000 1.000000 0.000000
vn 0.000000 1.000000 0.000000
vn 0.000000 1.000000 0.000000
vn -0.000000 0.000000 -1.000000
vn 0.707108 0.000000 -0.707106
vn 0.707108 0.000000 -0.707106
vn -0.000000 0.000000 -1.000000
vn -0.707107 0.000000 -0.707107
vn -0.000000 0.000000 -1.000000
vn -0.000000 0.000000 -1.000000
vn -0.707107 0.000000 -0.707107
vn -1.000000 0.000000 0.000000
vn -0.707107 0.000000 -0.707107
vn -0.707107 0.000000 -0.707107
vn -1.000000 0.000000 0.000000
vn -0.707106 0.000000 0.707108
vn -1.000000 0.000000 0.000000
vn -1.000000 0.000000 0.000000
vn -0.707106 0.000000 0.707108
vn 0.000000 0.000000 1.000000
vn -0.707106 0.000000 0.707108
vn -0.707106 0.000000 0.707108
vn 0.000000 0.000000 1.000000
vn 0.707107 0.000000 0.707106
vn 0.000000 0.000000 1.000000
vn 0.000000 0.000000 1.000000
vn 0.707107 0.000000 0.707106
vn 1.000000 0.000000 0.000000
vn 0.707107 0.000000 0.707106
vn 0.707107 0.000000 0.707106
vn 1.000000 0.000000 0.000000
vn 0.707108 0.000000 -0.707106
vn 0.707108 0.000000 -0.707106
vn 1.000000 0.000000 0.000000
vn 1.000000 0.000000 0.000000
vn 0.000000 1.000000 -0.000002
vn 0.000000 1.000000 -0.000002
vn 0.000000 1.000000 -0.000002
vn 0.000000 1.000000 -0.000002
vn 0.000000 1.000000 0.000000
vn 0.000000 1.000000 0.000000
vn 0.000000 1.000000 0.000000
vn 0.000000 1.000000 0.000000
vn 0.000000 1.000000 0.000000
vn 0.000000 1.000000 0.000000
vn 0.000000 1.000000 0.000000
vn 0.000000 1.000000 0.000000
vn 0.000000 1.000000 -0.000001
vn 0.000000 1.000000 -0.000001
vn 0.000000 1.000000 -0.000001
vn 0.000000 1.000000 -0.000001
vn 0.000000 1.000000 0.000000
vn 0.000000 1.000000 0.000000
vn 0.000000 1.000000 0.000000
vn 0.000000 1.000000 0.000000
vn 0.000000 1.000000 0.000002
vn 0.000000 1.000000 0.000002
vn 0.000000 1.000000 0.000002
vn 0.000000 1.000000 0.000002
vn 0.000000 1.000000 0.000000
vn 0.000000 1.000000 0.000000
vn 0.000000 1.000000 0.000000
vn 0.000000 1.000000 0.000000
vn 0.000000 1.000000 0.000000
vn 0.000000 1.000000 0.000000
vn 0.000000 1.000000 0.000000
vn 0.000000 1.000000 0.000000
vn 0.000000 0.000000 1.000000
vn -0.707106 0.000000 0.707107
vn -0.707106 0.000000 0.707107
vn 0.000000 0.000000 1.000000
vn 0.707108 0.000000 0.707106
vn 0.000000 0.000000 1.000000
vn 0.000000 0.000000 1.000000
vn 0.707108 0.000000 0.707106
vn 1.000000 0.000000 0.000000
vn 0.707108 0.000000 0.707106
vn 0.707108 0.000000 0.707106
vn 1.000000 0.000000 0.000000
vn 0.707107 0.000000 -0.707107
vn 1.000000 0.000000 0.000000
vn 1.000000 0.000000 0.000000
vn 0.707107 0.000000 -0.707107
vn 0.000000 0.000000 -1.000000
vn 0.707107 0.000000 -0.707107
vn 0.707107 0.000000 -0.707107
vn 0.000000 0.000000 -1.000000
vn -0.707105 0.000000 -0.707108
vn 0.000000 0.000000 -1.000000
vn 0.000000 0.000000 -1.000000
vn -0.707105 0.000000 -0.707108
vn -1.000000 0.000000 0.000000
vn -0.707105 0.000000 -0.707108
vn -0.707105 0.000000 -0.707108
vn -1.000000 0.000000 0.000000
vn -0.707106 0.000000 0.707107
vn -0.707106 0.000000 0.707107
vn -1.000000 0.000000 0.000000
vn -1.000000 0.000000 0.000000
vn 0.000000 1.000000 0.000002
vn 0.000000 1.000000 0.000002
vn 0.000000 1.000000 0.000002
vn 0.000000 1.000000 0.000000
vn 0.000000 1.000000 0.000000
vn 0.000000 1.000000 0.000000
vn 0.000000 1.000000 -0.000001
vn 0.000000 1.000000 -0.000001
vn 0.000000 1.000000 -0.000001
vn 0.000000 1.000000 -0.000001
vn 1.000000 0.000022 0.000000
vn 1.000000 0.000022 0.000000
vn 1.000000 0.000022 0.000000
vn 1.000000 0.000022 0.000000
vn -1.000000 0.000010 0.000000
vn -1.000000 0.000010 0.000000
vn -1.000000 0.000010 0.000000
vn 0.000000 1.000000 0.000001
vn 0.000000 1.000000 0.000001
vn 0.000000 1.000000 0.000001
vn 0.000000 1.000000 0.000001
vn 0.000000 0.000018 -1.000000
vn 0.000000 0.000018 -1.000000
vn 0.000000 0.000018 -1.000000
vn 0.000000 0.000018 -1.000000
vn 0.000000 0.000012 1.000000
vn 0.000000 0.000012 1.000000
vn 0.000000 0.000012 1.000000
vn 0.000000 1.000000 -0.000000
vn 0.000000 1.000000 -0.000000
vn 0.000000 1.000000 -0.000000
vn 0.000000 1.000000 -0.000000
vn 0.000000 1.000000 0.000000
vn 0.000000 1.000000 0.000000
vn 0.000000 1.000000 0.000000
vn 0.000000 1.000000 0.000000
vn 0.000000 1.000000 0.000000
vn 0.000000 1.000000 0.000000
vn 0.000000 1.000000 0.000000
vn 0.000000 1.000000 0.000000
vn 0.000000 1.000000 0.000000
vn 0.000000 1.000000 0.000000
vn 0.000000 1.000000 0.000000
vn 0.000000 1.000000 0.000000
vn 1.000000 -0.000000 0.000000
vn 1.000000 0.000000 0.000000
vn 1.000000 0.000000 0.000000
vn 1.000000 -0.000000 0.000000
vn -1.000000 0.000000 0.000000
vn -1.000000 0.000000 0.000000
vn -1.000000 -0.000000 0.000000
vn -1.000000 0.000000 0.000000
vn 1.000000 -0.000000 0.000000
vn 1.000000 0.000000 0.000000
vn 1.000000 0.000000 0.000000
vn -1.000000 -0.000000 0.000000
vn -1.000000 0.000000 0.000000
vn -1.000000 -0.000000 0.000000
vn 1.000000 0.000000 0.000000
vn 1.000000 -0.000000 0.000000
vn 1.000000 -0.000000 0.000000
vn -1.000000 -0.000000 0.000000
vn -1.000000 -0.000000 0.000000
vn -1.000000 -0.000000 0.000000
vn 1.000000 -0.000000 0.000000
vn 1.000000 -0.000000 0.000000
vn 1.000000 -0.000000 0.000000
vn -1.000000 0.000000 0.000000
vn -1.000000 -0.000000 0.000000
vn -1.000000 -0.000000 0.000000
vn 0.000000 0.596863 0.802343
vn 0.000000 0.663517 0.748162
vn 0.000000 0.663517 0.748162
vn 0.000000 0.596863 0.802343
vn 0.000000 0.663517 0.748162
vn 0.000000 0.663517 0.748162
vn 0.000000 0.834121 0.551582
vn 0.000000 0.834121 0.551582
vn 0.000000 0.834121 0.551582
vn 0.000000 0.934372 0.356299
vn 0.000000 0.934372 0.356299
vn 0.000000 0.834121 0.551582
vn 0.000000 0.934372 0.356299
vn 0.000000 0.949444 0.313936
vn 0.000000 0.949444 0.313936
vn 0.000000 0.934372 0.356299
vn 0.000000 0.000000 1.000000
vn 0.000000 0.000000 1.000000
vn 0.000000 0.000000 1.000000
vn 0.000000 0.000000 1.000000
vn 0.000000 -1.000000 0.000000
vn 0.000000 -1.000000 0.000000
vn 0.000000 -1.000000 0.000000
vn 0.000000 -1.000000 0.000000
vn 0.776326 0.615700 -0.135025
vn -0.776326 0.615700 -0.135025
vn -0.776326 0.615700 0.135025
vn 0.776326 0.615700 0.135025
vn 0.985209 0.000000 -0.171356
vn -0.985209 0.000000 -0.171356
vn -0.776326 0.615700 -0.135025
vn 0.776326 0.615700 -0.135025
vn -0.985209 0.000000 -0.171356
vn -0.985209 0.000000 0.171356
vn -0.776326 0.615700 0.135025
vn -0.776326 0.615700 -0.135025
vn -0.985209 0.000000 0.171356
vn 0.985209 0.000000 0.171356
vn 0.776326 0.615700 0.135025
vn -0.776326 0.615700 0.135025
vn 0.985209 0.000000 0.171356
vn 0.985209 0.000000 -0.171356
vn 0.776326 0.615700 -0.135025
vn 0.776326 0.615700 0.135025
vn 0.000000 1.000000 0.000000
vn 0.000000 1.000000 0.000000
vn 0.000000 1.000000 0.000000
vn 0.000000 1.000000 0.000000
vn 0.000000 -1.000000 0.000000
vn 0.000000 -1.000000 0.000000
vn 0.000000 -1.000000 0.000000
vn 0.000000 -1.000000 0.000000
vn -1.000000 0.000000 0.000000
vn -1.000000 0.000000 0.000000
vn -1.000000 0.000000 0.000000
vn -1.000000 0.000000 0.000000
vn 0.000000 0.000000 1.000000
vn 0.000000 0.000000 1.000000
vn 0.000000 0.000000 1.000000
vn 0.000000 0.000000 1.000000
vn 1.000000 0.000000 0.000000
vn 1.000000 0.000000 0.000000
vn 1.000000 0.000000 0.000000
vn 1.000000 0.000000 0.000000
vn 0.000000 0.000000 -1.000000
vn 0.000000 0.000000 -1.000000
vn 0.000000 0.000000 -1.000000
vn 0.000000 0.000000 -1.000000
vn 0.000000 0.000000 1.000000
vn 0.000000 0.000000 1.000000
vn 0.000000 0.000000 1.000000
vn 0.000000 0.000000 1.000000
vn -1.000000 0.000000 0.000000
vn -1.000000 0.000000 0.000000
vn -1.000000 0.000000 0.000000
vn -1.000000 0.000000 0.000000
vn 1.000000 0.000000 0.000000
vn 1.000000 0.000000 0.000000
vn 1.000000 0.000000 0.000000
vn 1.000000 0.000000 0.000000
vn 0.000000 0.000000 -1.000000
vn 0.000000 0.000000 -1.000000
vn 0.000000 0.000000 -1.000000
vn 0.000000 0.000000 -1.000000
vn 0.000000 0.000000 -1.000000
vn 0.000000 0.000000 -1.000000
vn 0.000000 0.000000 -1.000000
vn 0.000000 0.000000 -1.000000
vn -1.000000 0.000000 0.000000
vn -1.000000 0.000000 0.000000
vn -1.000000 0.000000 0.000000
vn -1.000000 0.000000 0.000000
vn 0.000000 0.000000 1.000000
vn 0.000000 0.000000 1.000000
vn 0.000000 0.000000 1.000000
vn 0.000000 0.000000 1.000000
vn 1.000000 0.000000 0.000000
vn 1.000000 0.000000 0.000000
vn 1.000000 0.000000 0.000000
vn 1.000000 0.000000 0.000000
vn 0.000000 0.309017 -0.951056
vn 0.000000 0.809017 -0.587785
vn 0.000000 0.809017 -0.587785
vn 0.000000 0.309017 -0.951056
vn 0.000000 -0.309017 -0.951056
vn 0.000000 0.309017 -0.951056
vn 0.000000 0.309017 -0.951056
vn 0.000000 -0.309017 -0.951056
vn 0.000000 -0.809017 -0.587785
vn 0.000000 -0.309017 -0.951056
vn 0.000000 -0.309017 -0.951056
vn 0.000000 -0.809017 -0.587785
vn 0.000000 -1.000000 0.000000
vn 0.000000 -0.809017 -0.587785
vn 0.000000 -0.809017 -0.587785
vn 0.000000 -1.000000 0.000000
vn 0.000000 -0.809017 0.587785
vn 0.000000 -1.000000 0.000000
vn 0.000000 -1.000000 0.000000
vn 0.000000 -0.809017 0.587785
vn 0.000000 -0.309018 0.951056
vn 0.000000 -0.809017 0.587785
vn 0.000000 -0.809017 0.587785
vn 0.000000 -0.309018 0.951056
vn 0.000000 0.309018 0.951056
vn 0.000000 -0.309018 0.951056
vn 0.000000 -0.309018 0.951056
vn 0.000000 0.309018 0.951056
vn 0.000000 0.809017 0.587785
vn 0.000000 0.309018 0.951056
vn 0.000000 0.309018 0.951056
vn 0.000000 0.809017 0.587785
vn 0.000000 1.000000 -0.000000
vn 0.000000 0.809017 0.587785
vn 0.000000 0.809017 0.587785
vn 0.000000 1.000000 -0.000000
vn 0.000000 0.809017 -0.587785
vn 0.000000 0.809017 -0.587785
vn 0.000000 1.000000 -0.000000
vn 0.000000 1.000000 -0.000000
vn -1.000000 0.000000 0.000000
vn -1.000000 0.000000 0.000000
vn -1.000000 0.000000 0.000000
vn -1.000000 -0.000010 0.000000
vn -1.000000 -0.000010 0.000000
vn -1.000000 -0.000010 0.000000
vn -1.000000 0.000004 0.000000
vn -1.000000 0.000004 0.000000
vn -1.000000 0.000004 0.000000
vn -1.000000 0.000000 0.000000
vn -1.000000 0.000000 0.000000
vn -1.000000 0.000000 0.000000
vn -1.000000 0.000000 0.000000
vn -1.000000 0.000000 0.000000
vn -1.000000 0.000000 0.000000
vn -1.000000 0.000000 0.000000
vn -1.000000 0.000000 0.000000
vn -1.000000 0.000000 0.000000
vn -1.000000 -0.000002 0.000000
vn -1.000000 -0.000002 0.000000
vn -1.000000 -0.000002 0.000000
vn -1.000000 0.000002 0.000000
vn -1.000000 0.000002 0.000000
vn -1.000000 0.000002 0.000000
vn 1.000000 0.000000 0.000000
vn 1.000000 0.000000 0.000000
vn 1.000000 0.000000 0.000000
vn 1.000000 0.000000 0.000000
vn 1.000000 0.000000 0.000000
vn 1.000000 0.000000 0.000000
vn 1.000000 0.000000 0.000000
vn 1.000000 0.000000 0.000000
vn 1.000000 0.000000 0.000000
vn 1.000000 -0.000005 0.000000
vn 1.000000 -0.000005 0.000000
vn 1.000000 -0.000005 0.000000
vn 1.000000 0.000000 0.000000
vn 1.000000 0.000000 0.000000
vn 1.000000 0.000000 0.000000
vn 1.000000 0.000002 0.000000
vn 1.000000 0.000002 0.000000
vn 1.000000 0.000002 0.000000
vn 1.000000 0.000000 0.000000
vn 1.000000 0.000000 0.000000
vn 1.000000 0.000000 0.000000
vn 1.000000 0.000000 0.000000
vn 1.000000 0.000000 0.000000
vn 1.000000 0.000000 0.000000
vn 0.000000 0.309018 -0.951056
vn 0.000000 0.809017 -0.587785
vn 0.000000 0.809017 -0.587785
vn 0.000000 0.309018 -0.951056
vn 0.000000 -0.309018 -0.951056
vn 0.000000 0.309018 -0.951056
vn 0.000000 0.309018 -0.951056
vn 0.000000 -0.309018 -0.951056
vn 0.000000 -0.809017 -0.587785
vn 0.000000 -0.309018 -0.951056
vn 0.000000 -0.309018 -0.951056
vn 0.000000 -0.809017 -0.587785
vn 0.000000 -1.000000 0.000000
vn 0.000000 -0.809017 -0.587785
vn 0.000000 -0.809017 -0.587785
vn 0.000000 -1.000000 0.000000
vn 0.000000 -0.809017 0.587785
vn 0.000000 -1.000000 0.000000
vn 0.000000 -1.000000 0.000000
vn 0.000000 -0.809017 0.587785
vn 0.000000 -0.309018 0.951056
vn 0.000000 -0.809017 0.587785
vn 0.000000 -0.809017 0.587785
vn 0.000000 -0.309018 0.951056
vn 0.000000 0.309018 0.951056
vn 0.000000 -0.309018 0.951056
vn 0.000000 -0.309018 0.951056
vn 0.000000 0.309018 0.951056
vn 0.000000 0.809017 0.587785
vn 0.000000 0.309018 0.951056
vn 0.000000 0.309018 0.951056
vn 0.000000 0.809017 0.587785
vn 0.000000 1.000000 0.000000
vn 0.000000 0.809017 0.587785
vn 0.000000 0.809017 0.587785
vn 0.000000 1.000000 0.000000
vn 0.000000 0.809017 -0.587785
vn 0.000000 0.809017 -0.587785
vn 0.000000 1.000000 0.000000
vn 0.000000 1.000000 0.000000
vn -1.000000 0.000000 0.000000
vn -1.000000 0.000000 0.000000
vn -1.000000 0.000000 0.000000
vn -1.000000 -0.000010 0.000000
vn -1.000000 -0.000010 0.000000
vn -1.000000 -0.000010 0.000000
vn -1.000000 0.000000 0.000000
vn -1.000000 0.000000 0.000000
vn -1.000000 0.000000 0.000000
vn -1.000000 -0.000005 0.000000
vn -1.000000 -0.000005 0.000000
vn -1.000000 -0.000005 0.000000
vn -1.000000 0.000000 0.000000
vn -1.000000 0.000000 0.000000
vn -1.000000 0.000000 0.000000
vn -1.000000 0.000002 0.000000
vn -1.000000 0.000002 0.000000
vn -1.000000 0.000002 0.000000
vn -1.000000 -0.000002 0.000000
vn -1.000000 -0.000002 0.000000
vn -1.000000 -0.000002 0.000000
vn -1.000000 0.000002 0.000000
vn -1.000000 0.000002 0.000000
vn -1.000000 0.000002 0.000000
vn 1.000000 0.000000 0.000000
vn 1.000000 0.000000 0.000000
vn 1.000000 0.000000 0.000000
vn 1.000000 0.000010 0.000000
vn 1.000000 0.000010 0.000000
vn 1.000000 0.000010 0.000000
vn 1.000000 -0.000004 0.000000
vn 1.000000 -0.000004 0.000000
vn 1.000000 -0.000004 0.000000
vn 1.000000 0.000005 0.000000
vn 1.000000 0.000005 0.000000
vn 1.000000 0.000005 0.000000
vn 1.000000 0.000000 0.000000
vn 1.000000 0.000000 0.000000
vn 1.000000 0.000000 0.000000
vn 1.000000 -0.000002 0.000000
vn 1.000000 -0.000002 0.000000
vn 1.000000 -0.000002 0.000000
vn 1.000000 0.000002 0.000000
vn 1.000000 0.000002 0.000000
vn 1.000000 0.000002 0.000000
vn 1.000000 -0.000004 0.000000
vn 1.000000 -0.000004 0.000000
vn 1.000000 -0.000004 0.000000
vn 0.000000 0.309017 -0.951056
vn 0.000000 0.809017 -0.587785
vn 0.000000 0.809017 -0.587785
vn 0.000000 0.309017 -0.951056
vn 0.000000 -0.309017 -0.951056
vn 0.000000 0.309017 -0.951056
vn 0.000000 0.309017 -0.951056
vn 0.000000 -0.309017 -0.951056
vn 0.000000 -0.809017 -0.587785
vn 0.000000 -0.309017 -0.951056
vn 0.000000 -0.309017 -0.951056
vn 0.000000 -0.809017 -0.587785
vn 0.000000 -1.000000 0.000000
vn 0.000000 -0.809017 -0.587785
vn 0.000000 -0.809017 -0.587785
vn 0.000000 -1.000000 0.000000
vn 0.000000 -0.809017 0.587785
vn 0.000000 -1.000000 0.000000
vn 0.000000 -1.000000 0.000000
vn 0.000000 -0.809017 0.587785
vn 0.000000 -0.309018 0.951056
vn 0.000000 -0.809017 0.587785
vn 0.000000 -0.809017 0.587785
vn 0.000000 -0.309018 0.951056
vn 0.000000 0.309018 0.951056
vn 0.000000 -0.309018 0.951056
vn 0.000000 -0.309018 0.951056
vn 0.000000 0.309018 0.951056
vn 0.000000 0.809017 0.587785
vn 0.000000 0.309018 0.951056
vn 0.000000 0.309018 0.951056
vn 0.000000 0.809017 0.587785
vn 0.000000 1.000000 -0.000000
vn 0.000000 0.809017 0.587785
vn 0.000000 0.809017 0.587785
vn 0.000000 1.000000 -0.000000
vn 0.000000 0.809017 -0.587785
vn 0.000000 0.809017 -0.587785
vn 0.000000 1.000000 -0.000000
vn 0.000000 1.000000 -0.000000
vn -1.000000 0.000000 0.000000
vn -1.000000 0.000000 0.000000
vn -1.000000 0.000000 0.000000
vn -1.000000 0.000000 0.000000
vn -1.000000 0.000000 0.000000
vn -1.000000 0.000000 0.000000
vn -1.000000 0.000000 0.000000
vn -1.000000 0.000000 0.000000
vn -1.000000 0.000000 0.000000
vn -1.000000 -0.000002 0.000000
vn -1.000000 -0.000002 0.000000
vn -1.000000 -0.000002 0.000000
vn -1.000000 0.000000 0.000000
vn -1.000000 0.000000 0.000000
vn -1.000000 0.000000 0.000000
vn -1.000000 0.000001 0.000000
vn -1.000000 0.000001 0.000000
vn -1.000000 0.000001 0.000000
vn -1.000000 0.000000 0.000000
vn -1.000000 0.000000 0.000000
vn -1.000000 0.000000 0.000000
vn -1.000000 0.000000 0.000000
vn -1.000000 0.000000 0.000000
vn -1.000000 0.000000 0.000000
vn 1.000000 0.000000 0.000000
vn 1.000000 0.000000 0.000000
vn 1.000000 0.000000 0.000000
vn 1.000000 0.000000 0.000000
vn 1.000000 0.000000 0.000000
vn 1.000000 0.000000 0.000000
vn 1.000000 0.000000 0.000000
vn 1.000000 0.000000 0.000000
vn 1.000000 0.000000 0.000000
vn 1.000000 -0.000002 0.000000
vn 1.000000 -0.000002 0.000000
vn 1.000000 -0.000002 0.000000
vn 1.000000 0.000000 0.000000
vn 1.000000 0.000000 0.000000
vn 1.000000 0.000000 0.000000
vn 1.000000 0.000000 0.000000
vn 1.000000 0.000000 0.000000
vn 1.000000 0.000000 0.000000
vn 1.000000 0.000000 0.000000
vn 1.000000 0.000000 0.000000
vn 1.000000 0.000000 0.000000
vn 1.000000 0.000000 0.000000
vn 1.000000 0.000000 0.000000
vn 1.000000 0.000000 0.000000
vn 0.000000 0.309018 -0.951056
vn 0.000000 0.809017 -0.587785
vn 0.000000 0.809017 -0.587785
vn 0.000000 0.309018 -0.951056
vn 0.000000 -0.309018 -0.951056
vn 0.000000 0.309018 -0.951056
vn 0.000000 0.309018 -0.951056
vn 0.000000 -0.309018 -0.951056
vn 0.000000 -0.809017 -0.587785
vn 0.000000 -0.309018 -0.951056
vn 0.000000 -0.309018 -0.951056
vn 0.000000 -0.809017 -0.587785
vn 0.000000 -1.000000 0.000000
vn 0.000000 -0.809017 -0.587785
vn 0.000000 -0.809017 -0.587785
vn 0.000000 -1.000000 0.000000
vn 0.000000 -0.809017 0.587785
vn 0.000000 -1.000000 0.000000
vn 0.000000 -1.000000 0.000000
vn 0.000000 -0.809017 0.587785
vn 0.000000 -0.309018 0.951056
vn 0.000000 -0.809017 0.587785
vn 0.000000 -0.809017 0.587785
vn 0.000000 -0.309018 0.951056
vn 0.000000 0.309018 0.951056
vn 0.000000 -0.309018 0.951056
vn 0.000000 -0.309018 0.951056
vn 0.000000 0.309018 0.951056
vn 0.000000 0.809017 0.587785
vn 0.000000 0.309018 0.951056
vn 0.000000 0.309018 0.951056
vn 0.000000 0.809017 0.587785
vn 0.000000 1.000000 0.000000
vn 0.000000 0.809017 0.587785
vn 0.000000 0.809017 0.587785
vn 0.000000 1.000000 0.000000
vn 0.000000 0.809017 -0.587785
vn 0.000000 0.809017 -0.587785
vn 0.000000 1.000000 0.000000
vn 0.000000 1.000000 0.000000
vn -1.000000 0.000000 0.000000
vn -1.000000 0.000000 0.000000
vn -1.000000 0.000000 0.000000
vn -1.000000 0.000000 0.000000
vn -1.000000 0.000000 0.000000
vn -1.000000 0.000000 0.000000
vn -1.000000 0.000000 0.000000
vn -1.000000 0.000000 0.000000
vn -1.000000 0.000000 0.000000
vn -1.000000 0.000000 0.000000
vn -1.000000 0.000000 0.000000
vn -1.000000 0.000000 0.000000
vn -1.000000 0.000000 0.000000
vn -1.000000 0.000000 0.000000
vn -1.000000 0.000000 0.000000
vn -1.000000 0.000000 0.000000
vn -1.000000 0.000000 0.000000
vn -1.000000 0.000000 0.000000
vn -1.000000 0.000000 0.000000
vn -1.000000 0.000000 0.000000
vn -1.000000 0.000000 0.000000
vn -1.000000 0.000000 0.000000
vn -1.000000 0.000000 0.000000
vn -1.000000 0.000000 0.000000
vn 1.000000 0.000000 0.000000
vn 1.000000 0.000000 0.000000
vn 1.000000 0.000000 0.000000
vn 1.000000 0.000000 0.000000
vn 1.000000 0.000000 0.000000
vn 1.000000 0.000000 0.000000
vn 1.000000 0.000004 0.000000
vn 1.000000 0.000004 0.000000
vn 1.000000 0.000004 0.000000
vn 1.000000 0.000000 0.000000
vn 1.000000 0.000000 0.000000
vn 1.000000 0.000000 0.000000
vn 1.000000 0.000000 0.000000
vn 1.000000 0.000000 0.000000
vn 1.000000 0.000000 0.000000
vn 1.000000 0.000002 0.000000
vn 1.000000 0.000002 0.000000
vn 1.000000 0.000002 0.000000
vn 1.000000 -0.000001 0.000000
vn 1.000000 -0.000001 0.000000
vn 1.000000 -0.000001 0.000000
vn 1.000000 0.000000 0.000000
vn 1.000000 0.000000 0.000000
vn 1.000000 0.000000 0.000000
vn 0.000000 0.002919 0.999996
vn 0.000000 0.002919 0.999996
vn 0.000000 0.002919 0.999996
vn 0.000000 0.002919 0.999996
vn 0.000000 0.000000 -1.000000
vn 0.000000 0.000000 -1.000000
vn 0.000000 0.000000 -1.000000
vn 0.000000 0.000000 -1.000000
vn 1.000000 0.000000 0.000000
vn 1.000000 0.000000 0.000000
vn 1.000000 0.000000 0.000000
vn 1.000000 0.000000 0.000000
vn -1.000000 0.000000 0.000000
vn -1.000000 0.000000 0.000000
vn -1.000000 0.000000 0.000000
vn -1.000000 0.000000 0.000000
vn 0.000000 0.308619 0.951186
vn 0.000000 0.308619 0.951186
vn 0.000000 0.308619 0.951186
vn 0.000000 0.308619 0.951186
vn 0.000000 -0.306103 -0.951998
vn 0.000000 -0.306103 -0.951998
vn 0.000000 -0.306103 -0.951998
vn 0.000000 -0.306103 -0.951998
vn 1.000000 0.000000 0.000000
vn 1.000000 0.000000 0.000000
vn 1.000000 0.000000 0.000000
vn 1.000000 0.000000 0.000000
vn -1.000000 0.000000 0.000000
vn -1.000000 0.000000 0.000000
vn -1.000000 0.000000 0.000000
vn -1.000000 0.000000 0.000000
vn 0.021655 -0.070633 0.997267
vn 0.021655 -0.070633 0.997267
vn 0.021655 -0.070633 0.997267
vn 0.021655 -0.070633 0.997267
vn -0.292264 0.953243 0.076870
vn -0.292264 0.953243 0.076870
vn -0.292264 0.953243 0.076870
vn -0.292264 0.953243 0.076870
vn -0.018127 0.059122 -0.998086
vn -0.018127 0.059122 -0.998086
vn -0.018127 0.059122 -0.998086
vn -0.018127 0.059122 -0.998086
vn 0.967514 0.252797 -0.003233
vn 0.967514 0.252797 -0.003233
vn 0.967514 0.252797 -0.003233
vn 0.967514 0.252797 -0.003233
vn -0.964409 -0.264406 0.002306
vn -0.964409 -0.264406 0.002306
vn -0.964409 -0.264406 0.002306
vn -0.964409 -0.264406 0.002306
vn -0.318230 -0.133877 0.938513
vn -0.318230 -0.133877 0.938513
vn -0.318230 -0.133877 0.938513
vn -0.318230 -0.133877 0.938513
vn 0.352573 0.898837 0.260352
vn 0.352573 0.898838 0.260352
vn 0.352573 0.898837 0.260352
vn 0.352573 0.898837 0.260352
vn 0.313879 0.122932 -0.941471
vn 0.313879 0.122932 -0.941471
vn 0.313879 0.122932 -0.941471
vn 0.313879 0.122932 -0.941471
vn 0.893494 -0.372817 0.250351
vn 0.893494 -0.372817 0.250351
vn 0.893494 -0.372817 0.250351
vn 0.893494 -0.372817 0.250351
vn -0.897217 0.361683 -0.253352
vn -0.897217 0.361683 -0.253352
vn -0.897217 0.361683 -0.253352
vn -0.897217 0.361683 -0.253352
vn 0.040862 0.448035 0.893082
vn 0.040862 0.448035 0.893082
vn 0.040862 0.448035 0.893082
vn 0.040862 0.448035 0.893082
vn 0.208981 0.836419 -0.506686
vn 0.208981 0.836419 -0.506686
vn 0.208981 0.836419 -0.506686
vn 0.208981 0.836419 -0.506686
vn -0.043448 -0.458607 -0.887577
vn -0.043448 -0.458607 -0.887577
vn -0.043448 -0.458607 -0.887577
vn -0.043448 -0.458607 -0.887577
vn 0.980293 -0.191235 0.049550
vn 0.980293 -0.191235 0.049550
vn 0.980293 -0.191235 0.049550
vn 0.980293 -0.191235 0.049550
vn -0.982539 0.180939 -0.043335
vn -0.982539 0.180939 -0.043335
vn -0.982539 0.180939 -0.043335
vn -0.982539 0.180939 -0.043335
vn 0.403617 -0.866660 -0.293246
vn 0.154169 -0.866659 -0.474483
vn 0.262146 -0.529479 -0.806803
vn 0.686308 -0.529480 -0.498631
vn 0.154169 -0.866659 -0.474483
vn -0.154169 -0.866659 -0.474483
vn -0.262146 -0.529478 -0.806804
vn 0.262146 -0.529479 -0.806803
vn -0.154169 -0.866659 -0.474483
vn -0.403620 -0.866659 -0.293246
vn -0.686308 -0.529479 -0.498631
vn -0.262146 -0.529478 -0.806804
vn -0.403620 -0.866659 -0.293246
vn -0.498901 -0.866659 0.000000
vn -0.848323 -0.529478 -0.000000
vn -0.686308 -0.529479 -0.498631
vn -0.498901 -0.866659 0.000000
vn -0.403619 -0.866660 0.293245
vn -0.686308 -0.529479 0.498632
vn -0.848323 -0.529478 -0.000000
vn -0.403619 -0.866660 0.293245
vn -0.154169 -0.866660 0.474482
vn -0.262146 -0.529479 0.806803
vn -0.686308 -0.529479 0.498632
vn -0.154169 -0.866660 0.474482
vn 0.154168 -0.866660 0.474482
vn 0.262146 -0.529479 0.806803
vn -0.262146 -0.529479 0.806803
vn 0.154168 -0.866660 0.474482
vn 0.403616 -0.866661 0.293245
vn 0.686308 -0.529479 0.498632
vn 0.262146 -0.529479 0.806803
vn 0.403616 -0.866661 0.293245
vn 0.498898 -0.866661 -0.000001
vn 0.848323 -0.529480 -0.000000
vn 0.686308 -0.529479 0.498632
vn 0.498898 -0.866661 -0.000001
vn 0.403617 -0.866660 -0.293246
vn 0.686308 -0.529480 -0.498631
vn 0.848323 -0.529480 -0.000000
vn 0.686308 -0.529480 -0.498631
vn 0.262146 -0.529479 -0.806803
vn 0.309013 -0.002117 -0.951055
vn 0.809011 -0.002116 -0.587790
vn 0.262146 -0.529479 -0.806803
vn -0.262146 -0.529478 -0.806804
vn -0.309017 -0.002121 -0.951054
vn 0.309013 -0.002117 -0.951055
vn -0.262146 -0.529478 -0.806804
vn -0.686308 -0.529479 -0.498631
vn -0.809011 -0.002086 -0.587791
vn -0.309017 -0.002121 -0.951054
vn -0.686308 -0.529479 -0.498631
vn -0.848323 -0.529478 -0.000000
vn -0.999998 -0.002016 -0.000024
vn -0.809011 -0.002086 -0.587791
vn -0.848323 -0.529478 -0.000000
vn -0.686308 -0.529479 0.498632
vn -0.809022 -0.002080 0.587775
vn -0.999998 -0.002016 -0.000024
vn -0.686308 -0.529479 0.498632
vn -0.262146 -0.529479 0.806803
vn -0.308998 -0.002219 0.951060
vn -0.809022 -0.002080 0.587775
vn -0.262146 -0.529479 0.806803
vn 0.262146 -0.529479 0.806803
vn 0.309028 -0.002219 0.951050
vn -0.308998 -0.002219 0.951060
vn 0.262146 -0.529479 0.806803
vn 0.686308 -0.529479 0.498632
vn 0.809012 -0.002172 0.587788
vn 0.309028 -0.002219 0.951050
vn 0.686308 -0.529479 0.498632
vn 0.848323 -0.529480 -0.000000
vn 0.999998 -0.002140 -0.000002
vn 0.809012 -0.002172 0.587788
vn 0.848323 -0.529480 -0.000000
vn 0.686308 -0.529480 -0.498631
vn 0.809011 -0.002116 -0.587790
vn 0.999998 -0.002140 -0.000002
vn 0.358184 0.896460 0.260888
vn 0.133668 0.896655 0.422069
vn 0.244433 0.609032 0.754541
vn 0.642352 0.608331 0.466174
vn 0.133668 0.896655 0.422069
vn -0.141250 0.895433 0.422195
vn -0.246783 0.608928 0.753860
vn 0.244433 0.609032 0.754541
vn -0.141250 0.895433 0.422195
vn -0.359629 0.894731 0.264808
vn -0.640466 0.609498 0.467242
vn -0.246783 0.608928 0.753860
vn -0.359629 0.894731 0.264808
vn -0.443784 0.896083 0.009564
vn -0.792016 0.610478 0.005275
vn -0.640466 0.609498 0.467242
vn -0.443784 0.896083 0.009564
vn -0.360667 0.897628 -0.253343
vn -0.643193 0.609625 -0.463315
vn -0.792016 0.610478 0.005275
vn -0.360667 0.897628 -0.253343
vn -0.136833 0.897484 -0.419285
vn -0.245513 0.607761 -0.755215
vn -0.643193 0.609625 -0.463315
vn -0.136833 0.897484 -0.419285
vn 0.139550 0.896890 -0.419660
vn 0.246503 0.607995 -0.754704
vn -0.245513 0.607761 -0.755215
vn 0.139550 0.896890 -0.419660
vn 0.360961 0.896179 -0.258013
vn 0.642981 0.608380 -0.465241
vn 0.246503 0.607995 -0.754704
vn 0.360961 0.896179 -0.258013
vn 0.444415 0.895820 0.001225
vn 0.793834 0.608135 0.000400
vn 0.642981 0.608380 -0.465241
vn 0.444415 0.895820 0.001225
vn 0.358184 0.896460 0.260888
vn 0.642352 0.608331 0.466174
vn 0.793834 0.608135 0.000400
vn 0.642352 0.608331 0.466174
vn 0.244433 0.609032 0.754541
vn 0.306657 0.140965 0.941324
vn 0.800986 0.141029 0.581835
vn 0.244433 0.609032 0.754541
vn -0.246783 0.608928 0.753860
vn -0.305479 0.141064 0.941692
vn 0.306657 0.140965 0.941324
vn -0.246783 0.608928 0.753860
vn -0.640466 0.609498 0.467242
vn -0.800704 0.142481 0.581869
vn -0.305479 0.141064 0.941692
vn -0.640466 0.609498 0.467242
vn -0.792016 0.610478 0.005275
vn -0.989662 0.143418 0.000910
vn -0.800704 0.142481 0.581869
vn -0.792016 0.610478 0.005275
vn -0.643193 0.609625 -0.463315
vn -0.801115 0.142299 -0.581348
vn -0.989662 0.143418 0.000910
vn -0.643193 0.609625 -0.463315
vn -0.245513 0.607761 -0.755215
vn -0.305918 0.141317 -0.941511
vn -0.801115 0.142299 -0.581348
vn -0.245513 0.607761 -0.755215
vn 0.246503 0.607995 -0.754704
vn 0.305992 0.141641 -0.941439
vn -0.305918 0.141317 -0.941511
vn 0.246503 0.607995 -0.754704
vn 0.642981 0.608380 -0.465241
vn 0.800862 0.141883 -0.581799
vn 0.305992 0.141641 -0.941439
vn 0.642981 0.608380 -0.465241
vn 0.793834 0.608135 0.000400
vn 0.989934 0.141528 -0.000072
vn 0.800862 0.141883 -0.581799
vn 0.793834 0.608135 0.000400
vn 0.642352 0.608331 0.466174
vn 0.800986 0.141029 0.581835
vn 0.989934 0.141528 -0.000072
vn 0.133668 0.896655 0.422069
vn 0.358184 0.896460 0.260888
vn -0.001867 0.999976 0.006624
vn -0.141250 0.895433 0.422195
vn 0.133668 0.896655 0.422069
vn -0.001867 0.999976 0.006624
vn -0.359629 0.894731 0.264808
vn -0.141250 0.895433 0.422195
vn -0.001867 0.999976 0.006624
vn -0.443784 0.896083 0.009564
vn -0.359629 0.894731 0.264808
vn -0.001867 0.999976 0.006624
vn -0.360667 0.897628 -0.253343
vn -0.443784 0.896083 0.009564
vn -0.001867 0.999976 0.006624
vn -0.136833 0.897484 -0.419285
vn -0.360667 0.897628 -0.253343
vn -0.001867 0.999976 0.006624
vn 0.139550 0.896890 -0.419660
vn -0.136833 0.897484 -0.419285
vn -0.001867 0.999976 0.006624
vn 0.360961 0.896179 -0.258013
vn 0.139550 0.896890 -0.419660
vn -0.001867 0.999976 0.006624
vn 0.444415 0.895820 0.001225
vn 0.360961 0.896179 -0.258013
vn -0.001867 0.999976 0.006624
vn 0.358184 0.896460 0.260888
vn 0.444415 0.895820 0.001225
vn -0.001867 0.999976 0.006624
vn 0.809011 -0.002116 -0.587790
vn 0.309013 -0.002117 -0.951055
vn 0.308811 0.024263 -0.950814
vn 0.808596 0.024345 -0.587860
vn 0.309013 -0.002117 -0.951055
vn -0.309017 -0.002121 -0.951054
vn -0.308929 0.024199 -0.950777
vn 0.308811 0.024263 -0.950814
vn -0.309017 -0.002121 -0.951054
vn -0.809011 -0.002086 -0.587791
vn -0.808601 0.024461 -0.587848
vn -0.308929 0.024199 -0.950777
vn -0.809011 -0.002086 -0.587791
vn -0.999998 -0.002016 -0.000024
vn -0.999686 0.025045 -0.000912
vn -0.808601 0.024461 -0.587848
vn -0.999998 -0.002016 -0.000024
vn -0.809022 -0.002080 0.587775
vn -0.809148 0.024765 0.587083
vn -0.999686 0.025045 -0.000912
vn -0.809022 -0.002080 0.587775
vn -0.308998 -0.002219 0.951060
vn -0.308065 0.023800 0.951068
vn -0.809148 0.024765 0.587083
vn -0.308998 -0.002219 0.951060
vn 0.309028 -0.002219 0.951050
vn 0.309620 0.023679 0.950565
vn -0.308065 0.023800 0.951068
vn 0.309028 -0.002219 0.951050
vn 0.809012 -0.002172 0.587788
vn 0.808659 0.024017 0.587787
vn 0.309620 0.023679 0.950565
vn 0.809012 -0.002172 0.587788
vn 0.999998 -0.002140 -0.000002
vn 0.999706 0.024232 -0.000136
vn 0.808659 0.024017 0.587787
vn 0.999998 -0.002140 -0.000002
vn 0.809011 -0.002116 -0.587790
vn 0.808596 0.024345 -0.587860
vn 0.999706 0.024232 -0.000136
vn 0.999706 0.024232 -0.000136
vn 0.808596 0.024345 -0.587860
vn 0.791559 -0.206161 -0.575267
vn 0.978453 -0.206471 -0.000116
vn 0.808659 0.024017 0.587787
vn 0.999706 0.024232 -0.000136
vn 0.978453 -0.206471 -0.000116
vn 0.791481 -0.206579 0.575224
vn 0.309620 0.023679 0.950565
vn 0.808659 0.024017 0.587787
vn 0.791481 -0.206579 0.575224
vn 0.303063 -0.206872 0.930246
vn -0.308065 0.023800 0.951068
vn 0.309620 0.023679 0.950565
vn 0.303063 -0.206872 0.930246
vn -0.301624 -0.207586 0.930554
vn -0.809148 0.024765 0.587083
vn -0.308065 0.023800 0.951068
vn -0.301624 -0.207586 0.930554
vn -0.791796 -0.206928 0.574665
vn -0.999686 0.025045 -0.000912
vn -0.809148 0.024765 0.587083
vn -0.791796 -0.206928 0.574665
vn -0.978581 -0.205861 -0.000104
vn -0.808601 0.024461 -0.587848
vn -0.999686 0.025045 -0.000912
vn -0.978581 -0.205861 -0.000104
vn -0.791726 -0.205904 -0.575130
vn -0.308929 0.024199 -0.950777
vn -0.808601 0.024461 -0.587848
vn -0.791726 -0.205904 -0.575130
vn -0.302381 -0.206115 -0.930635
vn 0.308811 0.024263 -0.950814
vn -0.308929 0.024199 -0.950777
vn -0.302381 -0.206115 -0.930635
vn 0.302365 -0.206068 -0.930651
vn 0.808596 0.024345 -0.587860
vn 0.308811 0.024263 -0.950814
vn 0.302365 -0.206068 -0.930651
vn 0.791559 -0.206161 -0.575267
vn 0.978453 -0.206471 -0.000116
vn 0.791559 -0.206161 -0.575267
vn 0.800862 0.141883 -0.581799
vn 0.989934 0.141528 -0.000072
vn 0.791481 -0.206579 0.575224
vn 0.978453 -0.206471 -0.000116
vn 0.989934 0.141528 -0.000072
vn 0.800986 0.141029 0.581835
vn 0.303063 -0.206872 0.930246
vn 0.791481 -0.206579 0.575224
vn 0.800986 0.141029 0.581835
vn 0.306657 0.140965 0.941324
vn -0.301624 -0.207586 0.930554
vn 0.303063 -0.206872 0.930246
vn 0.306657 0.140965 0.941324
vn -0.305479 0.141064 0.941692
vn -0.791796 -0.206928 0.574665
vn -0.301624 -0.207586 0.930554
vn -0.305479 0.141064 0.941692
vn -0.800704 0.142481 0.581869
vn -0.978581 -0.205861 -0.000104
vn -0.791796 -0.206928 0.574665
vn -0.800704 0.142481 0.581869
vn -0.989662 0.143418 0.000910
vn -0.791726 -0.205904 -0.575130
vn -0.978581 -0.205861 -0.000104
vn -0.989662 0.143418 0.000910
vn -0.801115 0.142299 -0.581348
vn -0.302381 -0.206115 -0.930635
vn -0.791726 -0.205904 -0.575130
vn -0.801115 0.142299 -0.581348
vn -0.305918 0.141317 -0.941511
vn 0.302365 -0.206068 -0.930651
vn -0.302381 -0.206115 -0.930635
vn -0.305918 0.141317 -0.941511
vn 0.305992 0.141641 -0.941439
vn 0.791559 -0.206161 -0.575267
vn 0.302365 -0.206068 -0.930651
vn 0.305992 0.141641 -0.941439
vn 0.800862 0.141883 -0.581799
vn 0.000000 0.000012 1.000000
vn 0.000000 0.000012 1.000000
vn 0.000000 0.000012 1.000000
vn 0.000000 0.000012 1.000000
vn 0.000000 0.000018 -1.000000
vn 0.000000 0.000018 -1.000000
vn 0.000000 0.000018 -1.000000
vn 1.000000 0.000022 0.000000
vn 1.000000 0.000022 0.000000
vn 1.000000 0.000022 0.000000
vn -1.000000 0.000012 0.000000
vn -1.000000 0.000012 0.000000
vn -1.000000 0.000012 0.000000
vn -1.000000 0.000012 0.000000
vn 0.000000 1.000000 0.000001
vn 0.000000 1.000000 0.000001
vn 0.000000 1.000000 0.000001
vn 0.000000 1.000000 0.000001
vn 0.000000 1.000000 0.000001
vn 0.000000 1.000000 0.000001
vn 0.000000 1.000000 0.000001
vn 0.000000 1.000000 0.000001
vn 0.000000 1.000000 -0.000000
vn 0.000000 1.000000 -0.000000
vn 0.000000 1.000000 -0.000000
vn 0.000000 1.000000 -0.000000
vn 0.000000 1.000000 -0.000001
vn 0.000000 1.000000 -0.000001
vn 0.000000 1.000000 -0.000001
vn 0.000000 1.000000 -0.000001
vn 0.000000 1.000000 0.000000
vn 0.000000 1.000000 0.000000
vn 0.000000 1.000000 0.000000
vn 0.000000 1.000000 0.000000
vn -0.000000 0.000000 -1.000000
vn 0.707108 0.000000 -0.707106
vn 0.707108 0.000000 -0.707106
vn -0.000000 0.000000 -1.000000
vn -0.707107 0.000000 -0.707107
vn -0.000000 0.000000 -1.000000
vn -0.000000 0.000000 -1.000000
vn -0.707107 0.000000 -0.707107
vn -1.000000 0.000000 0.000000
vn -0.707107 0.000000 -0.707107
vn -0.707107 0.000000 -0.707107
vn -1.000000 0.000000 0.000000
vn -0.707106 0.000000 0.707108
vn -1.000000 0.000000 0.000000
vn -1.000000 0.000000 0.000000
vn -0.707106 0.000000 0.707108
vn 0.000000 0.000000 1.000000
vn -0.707106 0.000000 0.707108
vn -0.707106 0.000000 0.707108
vn 0.000000 0.000000 1.000000
vn 0.707107 0.000000 0.707106
vn 0.000000 0.000000 1.000000
vn 0.000000 0.000000 1.000000
vn 0.707107 0.000000 0.707106
vn 1.000000 0.000000 0.000000
vn 0.707107 0.000000 0.707106
vn 0.707107 0.000000 0.707106
vn 1.000000 0.000000 0.000000
vn 0.707108 0.000000 -0.707106
vn 0.707108 0.000000 -0.707106
vn 1.000000 0.000000 0.000000
vn 1.000000 0.000000 0.000000
vn 0.000000 1.000000 -0.000002
vn 0.000000 1.000000 -0.000002
vn 0.000000 1.000000 -0.000002
vn 0.000000 1.000000 -0.000002
vn 0.000000 1.000000 0.000000
vn 0.000000 1.000000 0.000000
vn 0.000000 1.000000 0.000000
vn 0.000000 1.000000 0.000000
vn 0.000000 1.000000 0.000000
vn 0.000000 1.000000 0.000000
vn 0.000000 1.000000 0.000000
vn 0.000000 1.000000 0.000000
vn 0.000000 1.000000 -0.000001
vn 0.000000 1.000000 -0.000001
vn 0.000000 1.000000 -0.000001
vn 0.000000 1.000000 -0.000001
vn 0.000000 1.000000 0.000000
vn 0.000000 1.000000 0.000000
vn 0.000000 1.000000 0.000000
vn 0.000000 1.000000 0.000000
vn 0.000000 1.000000 0.000002
vn 0.000000 1.000000 0.000002
vn 0.000000 1.000000 0.000002
vn 0.000000 1.000000 0.000002
vn 0.000000 1.000000 0.000000
vn 0.000000 1.000000 0.000000
vn 0.000000 1.000000 0.000000
vn 0.000000 1.000000 0.000000
vn 0.000000 1.000000 0.000000
vn 0.000000 1.000000 0.000000
vn 0.000000 1.000000 0.000000
vn 0.000000 1.000000 0.000000
vn 0.000000 0.000000 1.000000
vn -0.707106 0.000000 0.707107
vn -0.707106 0.000000 0.707107
vn 0.000000 0.000000 1.000000
vn 0.707108 0.000000 0.707106
vn 0.000000 0.000000 1.000000
vn 0.000000 0.000000 1.000000
vn 0.707108 0.000000 0.707106
vn 1.000000 0.000000 0.000000
vn 0.707108 0.000000 0.707106
vn 0.707108 0.000000 0.707106
vn 1.000000 0.000000 0.000000
vn 0.707107 0.000000 -0.707107
vn 1.000000 0.000000 0.000000
vn 1.000000 0.000000 0.000000
vn 0.707107 0.000000 -0.707107
vn 0.000000 0.000000 -1.000000
vn 0.707107 0.000000 -0.707107
vn 0.707107 0.000000 -0.707107
vn 0.000000 0.000000 -1.000000
vn -0.707105 0.000000 -0.707108
vn 0.000000 0.000000 -1.000000
vn 0.000000 0.000000 -1.000000
vn -0.707105 0.000000 -0.707108
vn -1.000000 0.000000 0.000000
vn -0.707105 0.000000 -0.707108
vn -0.707105 0.000000 -0.707108
vn -1.000000 0.000000 0.000000
vn -0.707106 0.000000 0.707107
vn -0.707106 0.000000 0.707107
vn -1.000000 0.000000 0.000000
vn -1.000000 0.000000 0.000000
vn 0.000000 1.000000 0.000002
vn 0.000000 1.000000 0.000002
vn 0.000000 1.000000 0.000002
vn 0.000000 1.000000 0.000000
vn 0.000000 1.000000 0.000000
vn 0.000000 1.000000 0.000000
vn 0.000000 1.000000 -0.000001
vn 0.000000 1.000000 -0.000001
vn 0.000000 1.000000 -0.000001
vn 0.000000 1.000000 -0.000001
vn 1.000000 0.000021 0.000000
vn 1.000000 0.000021 0.000000
vn 1.000000 0.000021 0.000000
vn 1.000000 0.000021 0.000000
vn -1.000000 0.000014 0.000000
vn -1.000000 0.000014 0.000000
vn -1.000000 0.000014 0.000000
vn 0.000000 1.000000 0.000001
vn 0.000000 1.000000 0.000001
vn 0.000000 1.000000 0.000001
vn 0.000000 1.000000 0.000001
vn 0.000000 0.000018 -1.000000
vn 0.000000 0.000018 -1.000000
vn 0.000000 0.000018 -1.000000
vn 0.000000 0.000018 -1.000000
vn 0.000000 0.000012 1.000000
vn 0.000000 0.000012 1.000000
vn 0.000000 0.000012 1.000000
vn 0.000000 1.000000 -0.000000
vn 0.000000 1.000000 -0.000000
vn 0.000000 1.000000 -0.000000
vn 0.000000 1.000000 -0.000000
vn 0.000000 1.000000 0.000000
vn 0.000000 1.000000 0.000000
vn 0.000000 1.000000 0.000000
vn 0.000000 1.000000 0.000000
vn 0.000000 1.000000 0.000000
vn 0.000000 1.000000 0.000000
vn 0.000000 1.000000 0.000000
vn 0.000000 1.000000 0.000000
vn 0.000000 1.000000 0.000000
vn 0.000000 1.000000 0.000000
vn 0.000000 1.000000 0.000000
vn 0.000000 1.000000 0.000000
vn 0.000000 0.000013 1.000000
vn 0.000000 0.000013 1.000000
vn 0.000000 0.000013 1.000000
vn 0.000000 0.000013 1.000000
vn 0.000000 0.000018 -1.000000
vn 0.000000 0.000018 -1.000000
vn 0.000000 0.000018 -1.000000
vn 1.000000 0.000020 0.000000
vn 1.000000 0.000020 0.000000
vn 1.000000 0.000020 0.000000
vn -1.000000 0.000014 0.000000
vn -1.000000 0.000014 0.000000
vn -1.000000 0.000014 0.000000
vn -1.000000 0.000014 0.000000
vn 0.000000 1.000000 0.000001
vn 0.000000 1.000000 0.000001
vn 0.000000 1.000000 0.000001
vn 0.000000 1.000000 0.000001
vn 0.000000 1.000000 0.000001
vn 0.000000 1.000000 0.000001
vn 0.000000 1.000000 0.000001
vn 0.000000 1.000000 0.000001
vn 0.000000 1.000000 -0.000000
vn 0.000000 1.000000 -0.000000
vn 0.000000 1.000000 -0.000000
vn 0.000000 1.000000 -0.000000
vn 0.000000 1.000000 -0.000001
vn 0.000000 1.000000 -0.000001
vn 0.000000 1.000000 -0.000001
vn 0.000000 1.000000 -0.000001
vn 0.000000 1.000000 0.000000
vn 0.000000 1.000000 0.000000
vn 0.000000 1.000000 0.000000
vn 0.000000 1.000000 0.000000
vn -0.000000 0.000000 -1.000000
vn 0.707108 0.000000 -0.707106
vn 0.707108 0.000000 -0.707106
vn -0.000000 0.000000 -1.000000
vn -0.707107 0.000000 -0.707107
vn -0.000000 0.000000 -1.000000
vn -0.000000 0.000000 -1.000000
vn -0.707107 0.000000 -0.707107
vn -1.000000 0.000000 -0.000000
vn -0.707107 0.000000 -0.707107
vn -0.707107 0.000000 -0.707107
vn -1.000000 0.000000 -0.000000
vn -0.707106 0.000000 0.707107
vn -1.000000 0.000000 -0.000000
vn -1.000000 0.000000 -0.000000
vn -0.707106 0.000000 0.707107
vn 0.000000 0.000000 1.000000
vn -0.707106 0.000000 0.707107
vn -0.707106 0.000000 0.707107
vn 0.000000 0.000000 1.000000
vn 0.707107 0.000000 0.707106
vn 0.000000 0.000000 1.000000
vn 0.000000 0.000000 1.000000
vn 0.707107 0.000000 0.707106
vn 1.000000 0.000000 0.000000
vn 0.707107 0.000000 0.707106
vn 0.707107 0.000000 0.707106
vn 1.000000 0.000000 0.000000
vn 0.707108 0.000000 -0.707106
vn 0.707108 0.000000 -0.707106
vn 1.000000 0.000000 0.000000
vn 1.000000 0.000000 0.000000
vn 0.000000 1.000000 -0.000002
vn 0.000000 1.000000 -0.000002
vn 0.000000 1.000000 -0.000002
vn 0.000000 1.000000 -0.000002
vn 0.000000 1.000000 0.000000
vn 0.000000 1.000000 0.000000
vn 0.000000 1.000000 0.000000
vn 0.000000 1.000000 0.000000
vn 0.000000 1.000000 0.000000
vn 0.000000 1.000000 0.000000
vn 0.000000 1.000000 0.000000
vn 0.000000 1.000000 0.000000
vn 0.000000 1.000000 -0.000001
vn 0.000000 1.000000 -0.000001
vn 0.000000 1.000000 -0.000001
vn 0.000000 1.000000 -0.000001
vn 0.000000 1.000000 0.000000
vn 0.000000 1.000000 0.000000
vn 0.000000 1.000000 0.000000
vn 0.000000 1.000000 0.000000
vn 0.000000 1.000000 0.000002
vn 0.000000 1.000000 0.000002
vn 0.000000 1.000000 0.000002
vn 0.000000 1.000000 0.000002
vn 0.000000 1.000000 0.000000
vn 0.000000 1.000000 0.000000
vn 0.000000 1.000000 0.000000
vn 0.000000 1.000000 0.000000
vn 0.000000 1.000000 0.000000
vn 0.000000 1.000000 0.000000
vn 0.000000 1.000000 0.000000
vn 0.000000 1.000000 0.000000
vn 0.000000 0.000000 1.000000
vn -0.707106 0.000000 0.707107
vn -0.707106 0.000000 0.707107
vn 0.000000 0.000000 1.000000
vn 0.707108 0.000000 0.707106
vn 0.000000 0.000000 1.000000
vn 0.000000 0.000000 1.000000
vn 0.707108 0.000000 0.707106
vn 1.000000 0.000000 0.000000
vn 0.707108 0.000000 0.707106
vn 0.707108 0.000000 0.707106
vn 1.000000 0.000000 0.000000
vn 0.707107 0.000000 -0.707106
vn 1.000000 0.000000 0.000000
vn 1.000000 0.000000 0.000000
vn 0.707107 0.000000 -0.707106
vn 0.000000 0.000000 -1.000000
vn 0.707107 0.000000 -0.707106
vn 0.707107 0.000000 -0.707106
vn 0.000000 0.000000 -1.000000
vn -0.707106 0.000000 -0.707108
vn 0.000000 0.000000 -1.000000
vn 0.000000 0.000000 -1.000000
vn -0.707106 0.000000 -0.707108
vn -1.000000 0.000000 0.000000
vn -0.707106 0.000000 -0.707108
vn -0.707106 0.000000 -0.707108
vn -1.000000 0.000000 0.000000
vn -0.707106 0.000000 0.707107
vn -0.707106 0.000000 0.707107
vn -1.000000 0.000000 0.000000
vn -1.000000 0.000000 0.000000
vn 0.000000 1.000000 0.000002
vn 0.000000 1.000000 0.000002
vn 0.000000 1.000000 0.000002
vn 0.000000 1.000000 0.000000
vn 0.000000 1.000000 0.000000
vn 0.000000 1.000000 0.000000
vn 0.000000 1.000000 -0.000001
vn 0.000000 1.000000 -0.000001
vn 0.000000 1.000000 -0.000001
vn 0.000000 1.000000 -0.000001
vn 1.000000 0.000022 0.000000
vn 1.000000 0.000022 0.000000
vn 1.000000 0.000022 0.000000
vn 1.000000 0.000022 0.000000
vn -1.000000 0.000011 0.000000
vn -1.000000 0.000011 0.000000
vn -1.000000 0.000011 0.000000
vn 0.000000 1.000000 0.000001
vn 0.000000 1.000000 0.000001
vn 0.000000 1.000000 0.000001
vn 0.000000 1.000000 0.000001
vn 0.000000 0.000018 -1.000000
vn 0.000000 0.000018 -1.000000
vn 0.000000 0.000018 -1.000000
vn 0.000000 0.000018 -1.000000
vn 0.000000 0.000013 1.000000
vn 0.000000 0.000013 1.000000
vn 0.000000 0.000013 1.000000
vn 0.000000 1.000000 -0.000000
vn 0.000000 1.000000 -0.000000
vn 0.000000 1.000000 -0.000000
vn 0.000000 1.000000 -0.000000
vn 0.000000 1.000000 0.000000
vn 0.000000 1.000000 0.000000
vn 0.000000 1.000000 0.000000
vn 0.000000 1.000000 0.000000
vn 0.000000 1.000000 0.000000
vn 0.000000 1.000000 0.000000
vn 0.000000 1.000000 0.000000
vn 0.000000 1.000000 0.000000
vn 0.000000 1.000000 0.000000
vn 0.000000 1.000000 0.000000
vn 0.000000 1.000000 0.000000
vn 0.000000 1.000000 0.000000
vn 0.000000 -0.056271 0.998416
vn 0.000000 -0.056271 0.998416
vn 0.000000 -0.056271 0.998416
vn 0.000000 -0.056271 0.998416
vn 0.000000 1.000000 0.000000
vn 0.000000 1.000000 0.000000
vn 0.000000 0.986639 0.162921
vn 0.000000 0.986639 0.162921
vn 0.000000 -0.056271 -0.998416
vn 0.000000 -0.056271 -0.998416
vn 0.000000 -0.056271 -0.998416
vn 0.000000 -0.056271 -0.998416
vn 0.961836 -0.000426 0.273626
vn 0.961836 -0.000426 0.273626
vn 0.961836 -0.000426 0.273626
vn 0.961836 -0.000426 0.273626
vn -0.961836 -0.000426 0.273626
vn -0.961836 -0.000426 0.273626
vn -0.961836 -0.000426 0.273626
vn -0.961836 -0.000426 0.273626
vn 0.000000 0.986639 -0.162921
vn 0.000000 0.986639 -0.162921
vn 0.000000 1.000000 0.000000
vn 0.000000 1.000000 0.000000
vn 0.961836 -0.000426 -0.273626
vn 0.961836 -0.000426 -0.273626
vn 0.961836 -0.000426 -0.273626
vn 0.961836 -0.000426 -0.273626
vn -0.961836 -0.000426 -0.273626
vn -0.961836 -0.000426 -0.273626
vn -0.961836 -0.000426 -0.273626
vn -0.961836 -0.000426 -0.273626
vn 0.930068 0.367387 0.000000
vn 0.930068 0.367387 0.000000
vn 0.930068 0.367387 0.000000
vn -0.930067 0.367389 0.000000
vn -0.930067 0.367389 0.000000
vn -0.930067 0.367389 0.000000
vn -0.998323 0.017238 -0.055257
vn -0.998879 0.007642 -0.046726
vn -0.999997 -0.002147 -0.001337
vn -0.999969 0.007724 -0.001320
vn -0.982862 0.036564 -0.180678
vn -0.998879 0.007642 -0.046726
vn -0.998323 0.017238 -0.055257
vn -0.982549 0.038731 -0.181925
vn -0.999969 0.007724 -0.001320
vn -0.994326 0.106369 -0.001079
vn -0.994775 0.102045 0.003201
vn -0.998323 0.017238 -0.055257
vn -0.998323 0.017238 -0.055257
vn -0.994775 0.102045 0.003201
vn -0.992790 0.107675 -0.052671
vn -0.994439 0.104719 0.011173
vn -0.994832 0.101171 0.008606
vn -0.994529 0.104441 0.002011
vn -0.994523 0.104503 0.001993
vn 0.000000 0.999967 0.008122
vn 0.000000 0.999967 0.008122
vn 0.000000 0.999967 0.008122
vn 0.000000 0.999967 0.008122
vn 0.000000 -1.000000 -0.000000
vn 0.000000 -1.000000 -0.000000
vn 0.000000 -1.000000 -0.000000
vn 0.000000 -1.000000 -0.000000
vn -0.994775 0.102045 0.003201
vn -0.994832 0.101171 0.008606
vn -0.994439 0.104719 0.011173
vn -0.992790 0.107675 -0.052671
vn 0.000000 -0.234436 0.972132
vn 0.000000 -0.234436 0.972132
vn 0.000000 -0.234436 0.972132
vn 0.000000 -0.234436 0.972132
vn -0.992344 0.123488 0.001986
vn -0.992344 0.123488 0.001986
vn -0.992344 0.123488 0.001986
vn -0.992344 0.123488 0.001986
vn 0.000000 -0.346099 -0.938198
vn 0.000000 -0.346099 -0.938198
vn 0.000000 -0.346099 -0.938198
vn 0.000000 -0.346099 -0.938198
vn -0.994523 0.104503 0.001993
vn -0.994529 0.104441 0.002011
vn -0.994326 0.106369 -0.001079
vn -0.999969 0.007724 -0.001320
vn 0.017686 0.336802 0.941409
vn 0.022303 0.336157 0.941542
vn 0.016033 0.386614 0.922102
vn 0.015667 0.387375 0.921789
vn 0.992064 -0.122917 0.026469
vn 0.992064 -0.122917 0.026469
vn 0.992064 -0.122917 0.026469
vn 0.992064 -0.122917 0.026469
vn -0.992790 0.107675 -0.052671
vn -0.982549 0.038731 -0.181925
vn -0.998323 0.017238 -0.055257
vn 0.002833 0.186686 -0.982415
vn 0.002039 0.181433 -0.983401
vn 0.001294 0.190426 -0.981701
vn 0.002179 0.193639 -0.981070
vn 0.992062 -0.123661 -0.022840
vn 0.992062 -0.123661 -0.022840
vn 0.992062 -0.123661 -0.022840
vn 0.992062 -0.123661 -0.022840
vn 0.000000 0.312999 0.949753
vn 0.000000 0.312999 0.949754
vn 0.000000 0.312999 0.949754
vn 0.000000 0.312999 0.949754
vn 0.000000 1.000000 -0.000000
vn 0.000000 1.000000 -0.000000
vn 0.000000 1.000000 -0.000000
vn 0.000000 1.000000 -0.000000
vn 0.000000 -1.000000 0.000000
vn 0.000000 -1.000000 0.000000
vn 0.000000 -1.000000 0.000000
vn 0.000000 -1.000000 0.000000
vn 0.990901 0.134472 0.005689
vn 0.990901 0.134472 0.005689
vn 0.990901 0.134472 0.005689
vn 0.990901 0.134472 0.005689
vn 0.000000 0.004398 0.999990
vn 0.000000 0.004398 0.999990
vn 0.000000 0.004398 0.999990
vn 0.000000 0.004398 0.999990
vn 0.997736 0.028299 -0.061002
vn 0.999832 0.018227 0.001921
vn 0.999956 0.009227 0.001787
vn 0.998946 0.016182 -0.042954
vn 0.000000 0.075357 -0.997157
vn 0.000000 0.075357 -0.997157
vn 0.000000 0.075357 -0.997157
vn 0.000000 0.075357 -0.997157
vn 0.979198 0.043867 -0.198109
vn 0.997736 0.028299 -0.061002
vn 0.998946 0.016182 -0.042954
vn 0.979738 0.039866 -0.196274
vn 0.000000 -1.000000 -0.000000
vn 0.000000 -1.000000 -0.000000
vn 0.000000 -1.000000 -0.000000
vn 0.000000 -1.000000 -0.000000
vn 0.016033 0.386614 0.922102
vn -0.016030 0.386617 0.922101
vn -0.015668 0.387368 0.921792
vn 0.015667 0.387375 0.921789
vn -0.015668 0.387368 0.921792
vn -0.016030 0.386617 0.922101
vn -0.022305 0.336150 0.941544
vn -0.017684 0.336798 0.941411
vn 0.017686 0.336802 0.941409
vn -0.017684 0.336798 0.941411
vn -0.022305 0.336150 0.941544
vn 0.022303 0.336157 0.941542
vn 0.000000 0.991019 -0.133721
vn 0.000000 0.991019 -0.133721
vn 0.000000 0.991019 -0.133721
vn 0.000000 0.991019 -0.133721
vn -0.992022 -0.123239 0.026539
vn -0.992022 -0.123239 0.026539
vn -0.992022 -0.123239 0.026539
vn -0.992022 -0.123239 0.026539
vn 0.000000 -0.943201 0.332223
vn 0.000000 -0.943201 0.332223
vn 0.000000 -0.943201 0.332223
vn 0.000000 -0.943201 0.332223
vn 0.999832 0.018227 0.001921
vn 0.997736 0.028299 -0.061002
vn 0.994569 0.103558 0.010391
vn 0.994288 0.106680 0.003425
vn 0.997736 0.028299 -0.061002
vn 0.990087 0.132735 -0.045927
vn 0.994569 0.103558 0.010391
vn 0.994123 0.106883 0.017176
vn 0.994581 0.103945 0.001971
vn 0.994588 0.103880 0.001989
vn 0.994421 0.104462 0.014647
vn 0.999832 0.018227 0.001921
vn 0.994288 0.106680 0.003425
vn 0.994588 0.103880 0.001989
vn 0.994581 0.103945 0.001971
vn 0.000000 0.999988 0.004933
vn 0.000000 0.999988 0.004933
vn 0.000000 0.999988 0.004933
vn 0.000000 0.999988 0.004933
vn 0.000000 -0.236327 0.971674
vn 0.000000 -0.236327 0.971674
vn 0.000000 -0.236327 0.971673
vn 0.000000 -0.236327 0.971674
vn 0.000000 -1.000000 0.000000
vn 0.000000 -1.000000 0.000000
vn 0.000000 -1.000000 0.000000
vn 0.000000 -1.000000 0.000000
vn 0.000000 -0.346100 -0.938198
vn 0.000000 -0.346100 -0.938198
vn 0.000000 -0.346100 -0.938197
vn 0.000000 -0.346100 -0.938198
vn -0.000562 0.214820 -0.976654
vn -0.000562 0.214820 -0.976654
vn -0.000562 0.214820 -0.976654
vn -0.000562 0.214820 -0.976654
vn 0.994569 0.103558 0.010391
vn 0.990087 0.132735 -0.045927
vn 0.994123 0.106883 0.017176
vn 0.994421 0.104462 0.014647
vn 0.001849 0.973067 -0.230517
vn 0.001849 0.973067 -0.230517
vn 0.001849 0.973067 -0.230517
vn 0.001849 0.973067 -0.230517
vn 0.990087 0.132735 -0.045927
vn 0.997736 0.028299 -0.061002
vn 0.979198 0.043867 -0.198109
vn 0.002833 0.186686 -0.982415
vn -0.002911 0.188100 -0.982146
vn -0.002059 0.182202 -0.983259
vn 0.002039 0.181433 -0.983401
vn -0.002911 0.188100 -0.982146
vn -0.003416 0.194714 -0.980854
vn -0.002824 0.191327 -0.981522
vn -0.002059 0.182202 -0.983259
vn 0.001294 0.190426 -0.981701
vn -0.002824 0.191327 -0.981522
vn -0.003416 0.194714 -0.980854
vn 0.002179 0.193639 -0.981070
vn 0.000000 -0.983367 -0.181631
vn 0.000000 -0.983367 -0.181631
vn 0.000000 -0.983367 -0.181631
vn 0.000000 -0.983367 -0.181631
vn -0.988326 -0.149823 -0.027672
vn -0.988326 -0.149823 -0.027672
vn -0.988326 -0.149823 -0.027672
vn -0.988326 -0.149823 -0.027672
vn 0.004852 0.983356 0.181626
vn 0.004852 0.983356 0.181626
vn 0.004852 0.983356 0.181626
vn 0.004852 0.983356 0.181626
vn 0.999651 0.000000 0.026407
vn 0.999990 0.000000 0.004491
vn 0.999990 0.000000 0.004491
vn 0.999651 0.000000 0.026407
vn 0.000000 -0.000000 1.000000
vn 0.144859 -0.000000 0.989452
vn 0.144859 -0.000000 0.989452
vn 0.000000 -0.000000 1.000000
vn 0.000000 0.000000 -1.000000
vn 0.000000 0.000000 -1.000000
vn 0.000000 0.000000 -1.000000
vn 0.000000 0.000000 -1.000000
vn 0.999651 0.000000 0.026407
vn 0.971769 0.000000 0.235935
vn 0.971769 0.000000 0.235935
vn 0.999651 0.000000 0.026407
vn 0.971769 0.000000 0.235935
vn 0.864275 0.000000 0.503019
vn 0.864275 0.000000 0.503019
vn 0.971769 0.000000 0.235935
vn 0.864275 0.000000 0.503019
vn 0.614269 0.000000 0.789097
vn 0.614269 0.000000 0.789097
vn 0.864275 0.000000 0.503019
vn 0.614269 0.000000 0.789097
vn 0.614269 0.000000 0.789097
vn 0.144859 -0.000000 0.989452
vn 0.144859 -0.000000 0.989452
vn 0.000000 1.000000 0.000000
vn 0.000000 1.000000 0.000000
vn 0.000000 1.000000 0.000000
vn -1.000000 0.000000 0.000000
vn -1.000000 0.000000 0.000000
vn -1.000000 0.000000 0.000000
vn -1.000000 0.000000 0.000000
vn 0.000000 1.000000 0.000000
vn 0.000000 1.000000 0.000000
vn 0.000000 1.000000 0.000000
vn 0.000000 1.000000 0.000000
vn 0.000000 1.000000 0.000000
vn 0.000000 1.000000 0.000000
vn 0.000000 1.000000 0.000000
vn 0.000000 1.000000 0.000000
vn 0.000000 1.000000 0.000000
vn 0.000000 1.000000 0.000000
vn 0.000000 1.000000 0.000000
vn 0.000000 1.000000 0.000000
vn 0.000000 1.000000 0.000000
vn 0.000000 1.000000 0.000000
vn 0.000000 1.000000 0.000000
vn 0.000000 1.000000 0.000000
vn 0.000000 1.000000 0.000000
vn 0.000000 -1.000000 -0.000000
vn 0.000000 -1.000000 -0.000000
vn 0.000000 -1.000000 -0.000000
vn 0.000000 -1.000000 -0.000000
vn 0.000000 0.000000 1.000000
vn 0.000000 0.000000 1.000000
vn 0.000000 0.000000 1.000000
vn 0.000000 0.000000 1.000000
vn -1.000000 0.000000 0.000000
vn -1.000000 0.000000 0.000000
vn -1.000000 0.000000 0.000000
vn -1.000000 0.000000 0.000000
vn 0.000000 0.000000 -1.000000
vn 0.000000 0.000000 -1.000000
vn 0.000000 0.000000 -1.000000
vn 0.000000 0.000000 -1.000000
vn 1.000000 0.000000 0.000000
vn 1.000000 0.000000 0.000000
vn 1.000000 0.000000 0.000000
vn 1.000000 0.000000 0.000000
vn 0.000000 0.000000 -1.000000
vn 0.000000 0.000000 -1.000000
vn 0.000000 0.000000 -1.000000
vn 0.000000 0.000000 -1.000000
vn -1.000000 0.000000 0.000000
vn -1.000000 0.000000 0.000000
vn -1.000000 0.000000 0.000000
vn -1.000000 0.000000 0.000000
vn 0.000000 0.000000 1.000000
vn 0.000000 0.000000 1.000000
vn 0.000000 0.000000 1.000000
vn 0.000000 0.000000 1.000000
vn 1.000000 0.000000 0.000000
vn 1.000000 0.000000 0.000000
vn 1.000000 0.000000 0.000000
vn 1.000000 0.000000 0.000000
vn 0.000000 1.000000 0.000000
vn 0.000000 1.000000 0.000000
vn 0.000000 1.000000 0.000000
vn 0.000000 1.000000 0.000000
vn 0.000000 -1.000000 0.000000
vn 0.000000 -1.000000 0.000000
vn 0.000000 -1.000000 0.000000
vn 0.000000 -1.000000 0.000000
vn 0.000000 0.000000 -1.000000
vn 0.000000 0.000000 -1.000000
vn 0.000000 0.000000 -1.000000
vn 0.000000 0.000000 -1.000000
vn -1.000000 0.000000 0.000000
vn -1.000000 0.000000 0.000000
vn -1.000000 0.000000 0.000000
vn -1.000000 0.000000 0.000000
vn 0.000000 0.000000 1.000000
vn 0.000000 0.000000 1.000000
vn 0.000000 0.000000 1.000000
vn 0.000000 0.000000 1.000000
vn 1.000000 0.000000 0.000000
vn 1.000000 0.000000 0.000000
vn 1.000000 0.000000 0.000000
vn 1.000000 0.000000 0.000000
vn 0.000000 1.000000 0.000000
vn 0.000000 1.000000 0.000000
vn 0.000000 1.000000 0.000000
vn 0.000000 1.000000 0.000000
vn -1.000000 0.000000 0.000000
vn -1.000000 0.000000 0.000000
vn -1.000000 0.000000 0.000000
vn -1.000000 0.000000 0.000000
vn 0.000000 0.000000 1.000000
vn 0.000000 0.000000 1.000000
vn 0.000000 0.000000 1.000000
vn 0.000000 0.000000 1.000000
vn 1.000000 0.000000 0.000000
vn 1.000000 0.000000 0.000000
vn 1.000000 0.000000 0.000000
vn 1.000000 0.000000 0.000000
vn 0.000000 1.000000 0.000000
vn 0.000000 1.000000 0.000000
vn 0.000000 1.000000 0.000000
vn 0.000000 1.000000 0.000000
vn 0.000000 0.000000 1.000000
vn 0.000000 0.000000 1.000000
vn 0.000000 0.000000 1.000000
vn 0.000000 0.000000 -1.000000
vn 0.000000 0.000000 -1.000000
vn 0.000000 0.000000 -1.000000
vn 0.000000 0.000000 -1.000000
vn 1.000000 0.000000 0.000000
vn 1.000000 0.000000 0.000000
vn 1.000000 0.000000 0.000000
vn 1.000000 0.000000 0.000000
vn 0.039801 0.000000 0.999208
vn 0.039801 0.000000 0.999208
vn 0.000000 0.000000 1.000000
vn 0.000000 0.000000 1.000000
vn 0.999106 0.000000 0.042278
vn 0.999106 0.000000 0.042278
vn 0.935567 0.000000 0.353148
vn 0.935567 0.000000 0.353148
vn 0.739130 0.000000 0.673563
vn 0.935567 0.000000 0.353148
vn 0.935567 0.000000 0.353148
vn 0.739130 0.000000 0.673563
vn 0.416946 0.000000 0.908931
vn 0.739130 0.000000 0.673563
vn 0.739130 0.000000 0.673563
vn 0.416946 0.000000 0.908931
vn 0.039801 0.000000 0.999208
vn 0.416946 0.000000 0.908931
vn 0.416946 0.000000 0.908931
vn 0.039801 0.000000 0.999208
vn 0.000000 1.000000 0.000000
vn 0.000000 1.000000 0.000000
vn 0.000000 1.000000 0.000000
vn 0.000000 1.000000 -0.000000
vn 0.000000 1.000000 -0.000000
vn 0.000000 1.000000 -0.000000
vn 0.000000 1.000000 -0.000000
vn 0.000000 1.000000 0.000000
vn 0.000000 1.000000 0.000000
vn 0.000000 1.000000 0.000000
vn 0.000000 1.000000 0.000000
vn 0.000000 1.000000 0.000000
vn 0.000000 1.000000 0.000000
vn 0.000000 1.000000 0.000000
vn 0.000000 1.000000 0.000000
vn -0.000000 1.000000 0.000000
vn -0.000000 1.000000 0.000000
vn -0.000000 1.000000 0.000000
vn -0.000000 1.000000 0.000000
vn -1.000000 0.000000 0.000000
vn -1.000000 0.000000 0.000000
vn -1.000000 0.000000 0.000000
vn -1.000000 0.000000 0.000000
vn 0.000000 0.000000 1.000000
vn 0.000000 0.000000 1.000000
vn 0.000000 0.000000 1.000000
vn 0.000000 0.000000 1.000000
vn 1.000000 0.000000 0.000000
vn 1.000000 0.000000 0.000000
vn 1.000000 0.000000 0.000000
vn 1.000000 0.000000 0.000000
vn 0.000000 0.000000 -1.000000
vn 0.000000 0.000000 -1.000000
vn 0.000000 0.000000 -1.000000
vn 0.000000 0.000000 -1.000000
vn 0.000000 0.000000 -1.000000
vn 0.000000 0.000000 -1.000000
vn 0.000000 1.000000 0.000000
vn 0.000000 1.000000 0.000000
vn 0.000000 1.000000 0.000000
vn 0.000000 1.000000 0.000000
vn 0.000000 0.000000 1.000000
vn 0.000000 0.000000 1.000000
vn 0.000000 0.000000 1.000000
vn 0.000000 0.000000 -1.000000
vn 0.000000 0.000000 -1.000000
vn 0.000000 0.000000 -1.000000
vn 0.000000 0.000000 -1.000000
vn 0.000000 1.000000 -0.000001
vn 0.000000 1.000000 -0.000001
vn 0.000000 1.000000 -0.000001
vn 0.000000 1.000000 -0.000001
vn 0.000000 0.000000 1.000000
vn 0.000000 0.000000 1.000000
vn 0.000000 0.000000 1.000000
vn 0.000000 0.000000 1.000000
vn -1.000000 0.000000 -0.000002
vn -1.000000 0.000000 -0.000002
vn -1.000000 0.000000 -0.000002
vn -1.000000 0.000000 -0.000002
vn 0.000000 0.000000 1.000000
vn 0.000000 0.000000 1.000000
vn 0.000000 0.000000 1.000000
vn 0.000000 0.000000 1.000000
vn 1.000000 0.000000 -0.000002
vn 1.000000 0.000000 -0.000002
vn 1.000000 0.000000 -0.000002
vn 1.000000 0.000000 -0.000002
vn 0.000000 0.000000 -1.000000
vn 0.000000 0.000000 -1.000000
vn 0.000000 0.000000 -1.000000
vn 0.000000 0.000000 -1.000000
vn 0.000000 0.000000 -1.000000
vn 0.000000 0.000000 -1.000000
vn 0.000000 0.000000 -1.000000
vn 0.000000 1.000000 0.000000
vn 0.000000 1.000000 0.000000
vn 0.000000 1.000000 0.000000
vn 0.000000 1.000000 0.000000
vn 0.000000 1.000000 0.000000
vn 0.000000 1.000000 0.000000
vn 0.000000 1.000000 0.000000
vn 0.000000 1.000000 0.000000
vn 0.000000 1.000000 0.000000
vn 0.000000 1.000000 0.000000
vn 0.000000 1.000000 0.000000
vn 0.000000 1.000000 0.000000
vn -1.000000 0.000000 0.000000
vn -1.000000 0.000000 0.000000
vn -1.000000 0.000000 0.000000
vn -1.000000 0.000000 0.000000
vn 0.000000 -1.000000 -0.000000
vn 0.000000 -1.000000 -0.000000
vn 0.000000 -1.000000 -0.000000
vn 0.000000 -1.000000 0.000000
vn 0.000000 -1.000000 0.000000
vn 0.000000 -1.000000 0.000000
vn 0.000000 -1.000000 -0.000000
vn 0.000000 -1.000000 -0.000000
vn 0.000000 -1.000000 -0.000000
vn 0.000000 -1.000000 0.000000
vn 0.000000 -1.000000 0.000000
vn 0.000000 -1.000000 0.000000
vn 0.000000 -1.000000 0.000000
vn 0.000000 -1.000000 0.000000
vn 0.000000 -1.000000 0.000000
vn 0.999106 0.000000 0.042278
vn 0.999106 0.000000 0.042278
vn 1.000000 0.000000 0.000000
vn 1.000000 0.000000 0.000000
vn 0.000000 -1.000000 0.000000
vn 0.000000 -1.000000 0.000000
vn 0.000000 -1.000000 0.000000
vn 0.000000 -1.000000 0.000000
vn 0.000000 1.000000 0.000000
vn 0.000000 1.000000 0.000000
vn 0.000000 1.000000 0.000000
vn 0.000000 1.000000 0.000000
vn 0.000000 -1.000000 0.000000
vn 0.000000 -1.000000 0.000000
vn 0.000000 -1.000000 0.000000
vn 0.000000 1.000000 0.000000
vn 0.000000 1.000000 0.000000
vn 0.000000 1.000000 0.000000
vn 0.000000 1.000000 0.000000
vn 0.003006 0.104627 0.994507
vn 0.003006 0.104627 0.994507
vn 0.003006 0.104627 0.994507
vn 0.003006 0.104627 0.994507
vn -0.140402 0.982244 -0.124438
vn -0.140402 0.982244 -0.124438
vn -0.140402 0.982244 -0.124438
vn -0.140402 0.982244 -0.124438
vn -0.001319 -0.116457 -0.993195
vn -0.001319 -0.116457 -0.993195
vn -0.001319 -0.116457 -0.993195
vn -0.001319 -0.116457 -0.993195
vn 0.993071 0.116588 -0.014770
vn 0.993071 0.116588 -0.014770
vn 0.993071 0.116588 -0.014770
vn 0.993071 0.116588 -0.014770
vn -0.991586 -0.128423 0.016269
vn -0.991586 -0.128423 0.016269
vn -0.991586 -0.128423 0.016269
vn -0.991586 -0.128423 0.016269
vn -0.031115 0.012729 0.999435
vn -0.031115 0.012729 0.999435
vn -0.031115 0.012729 0.999435
vn -0.031115 0.012729 0.999435
vn 0.121046 0.992493 -0.017486
vn 0.121046 0.992493 -0.017486
vn 0.121046 0.992493 -0.017486
vn 0.121046 0.992493 -0.017486
vn 0.029662 -0.024650 -0.999256
vn 0.029662 -0.024650 -0.999256
vn 0.029662 -0.024650 -0.999256
vn 0.029662 -0.024650 -0.999256
vn 0.993211 -0.111765 0.032268
vn 0.993211 -0.111765 0.032268
vn 0.993211 -0.111765 0.032268
vn 0.993211 -0.111765 0.032268
vn -0.994488 0.099828 -0.032052
vn -0.994488 0.099828 -0.032052
vn -0.994488 0.099828 -0.032052
vn -0.994488 0.099828 -0.032052
vn -0.790960 0.220891 -0.570605
vn -0.790960 0.220891 -0.570605
vn -0.790960 0.220891 -0.570605
vn -0.790960 0.220891 -0.570605
vn 0.308843 0.951094 0.005966
vn 0.308843 0.951094 0.005966
vn 0.308843 0.951094 0.005966
vn 0.308843 0.951094 0.005966
vn 0.787535 -0.232452 0.570749
vn 0.787535 -0.232452 0.570749
vn 0.787535 -0.232452 0.570749
vn 0.787535 -0.232452 0.570749
vn -0.552582 0.145757 0.820615
vn -0.552582 0.145757 0.820615
vn -0.552582 0.145757 0.820615
vn -0.552582 0.145757 0.820615
vn 0.548994 -0.157274 -0.820896
vn 0.548994 -0.157274 -0.820896
vn 0.548994 -0.157274 -0.820896
vn 0.548994 -0.157274 -0.820896
vn 0.000000 0.000000 1.000000
vn 0.000000 0.000000 1.000000
vn 0.000000 0.000000 1.000000
vn 0.000000 0.000000 1.000000
vn -1.000000 0.000000 0.000000
vn -1.000000 0.000000 0.000000
vn -1.000000 0.000000 0.000000
vn -1.000000 0.000000 0.000000
vn 1.000000 0.000000 0.000000
vn 1.000000 0.000000 0.000000
vn 1.000000 0.000000 0.000000
vn 1.000000 0.000000 0.000000
vn 0.000000 -0.000000 1.000000
vn 0.000000 -0.000000 1.000000
vn 0.000000 -0.000000 1.000000
vn 0.000000 -0.000000 1.000000
vn 1.000000 0.000000 0.000000
vn 1.000000 0.000000 0.000000
vn 1.000000 0.000000 0.000000
vn 1.000000 0.000000 0.000000
vn 0.000000 -0.000000 1.000000
vn 0.000000 -0.000000 1.000000
vn 0.000000 -0.000000 1.000000
vn 0.000000 -0.000000 1.000000
vn 0.000000 0.000000 1.000000
vn 0.000000 0.000000 1.000000
vn 0.000000 0.000000 1.000000
vn 0.000000 0.000000 1.000000
vn 0.000000 -0.000000 1.000000
vn 0.000000 -0.000000 1.000000
vn 0.000000 -0.000000 1.000000
vn 0.000000 -0.000000 1.000000
vn 0.000000 0.000000 1.000000
vn 0.000000 0.000000 1.000000
vn 0.000000 0.000000 1.000000
vn 0.000000 0.000000 1.000000
vn -0.000001 0.000000 1.000000
vn -0.000001 0.000000 1.000000
vn -0.000001 0.000000 1.000000
vn -0.000001 0.000000 1.000000
vn 0.000000 0.000000 1.000000
vn 0.000000 0.000000 1.000000
vn 0.000000 0.000000 1.000000
vn 0.000000 0.000000 1.000000
vn 0.000001 0.000000 1.000000
vn 0.000001 0.000000 1.000000
vn 0.000001 0.000000 1.000000
vn 0.000001 0.000000 1.000000
vn 0.000000 0.000000 1.000000
vn 0.000000 0.000000 1.000000
vn 0.000000 0.000000 1.000000
vn 0.000000 0.000000 1.000000
vn 0.000000 0.000000 1.000000
vn 0.000000 0.000000 1.000000
vn 0.000000 0.000000 1.000000
vn 0.000000 0.000000 1.000000
vn 0.000000 0.000000 -1.000000
vn 0.000000 0.000000 -1.000000
vn 0.000000 0.000000 -1.000000
vn 0.000000 0.000000 -1.000000
vn 1.000000 0.000000 0.000000
vn 1.000000 0.000000 0.000000
vn 1.000000 0.000000 0.000000
vn 1.000000 0.000000 0.000000
vn -1.000000 0.000000 0.000000
vn -1.000000 0.000000 0.000000
vn -1.000000 0.000000 0.000000
vn -1.000000 0.000000 0.000000
vn 1.000000 0.000000 0.000000
vn 1.000000 0.000000 0.000000
vn 1.000000 0.000000 0.000000
vn -1.000000 0.000000 0.000000
vn -1.000000 0.000000 0.000000
vn -1.000000 0.000000 0.000000
vn 0.000000 0.000000 1.000000
vn 0.000000 0.000000 1.000000
vn 0.000000 0.000000 1.000000
vn 0.000000 0.000000 1.000000
vn 1.000000 0.000000 0.000000
vn 1.000000 0.000000 0.000000
vn 1.000000 0.000000 0.000000
vn 1.000000 0.000000 0.000000
vn 1.000000 -0.000000 0.000000
vn 1.000000 -0.000000 0.000000
vn 1.000000 -0.000000 0.000000
vn 1.000000 -0.000000 0.000000
vn 1.000000 0.000000 0.000000
vn 1.000000 0.000000 0.000000
vn 1.000000 0.000000 0.000000
vn 1.000000 0.000000 0.000000
vn 1.000000 0.000000 0.000000
vn 1.000000 0.000000 0.000000
vn 1.000000 0.000000 0.000000
vn 1.000000 0.000000 0.000000
vn 0.000000 0.000000 1.000000
vn 0.000000 0.000000 1.000000
vn 0.000000 0.000000 1.000000
vn 0.000000 0.000000 1.000000
vn 0.000000 -1.000000 0.000000
vn 0.000000 -1.000000 0.000000
vn 0.000000 -1.000000 0.000000
vn 0.000000 -1.000000 0.000000
vn 0.000000 0.000000 -1.000000
vn 0.000000 0.000000 -1.000000
vn 0.000000 0.000000 -1.000000
vn 0.000000 0.000000 -1.000000
vn 0.000000 1.000000 0.000000
vn 0.000000 1.000000 0.000000
vn 0.000000 1.000000 0.000000
vn 0.000000 1.000000 0.000000
vn 1.000000 -0.000000 0.000000
vn 1.000000 -0.000000 0.000000
vn 1.000000 -0.000000 0.000000
vn 1.000000 -0.000000 0.000000
vn 1.000000 0.000000 0.000000
vn 1.000000 0.000000 0.000000
vn 1.000000 0.000000 0.000000
vn 1.000000 0.000000 0.000000
vn 1.000000 -0.000001 0.000000
vn 1.000000 -0.000001 0.000000
vn 1.000000 -0.000001 0.000000
vn 1.000000 0.000000 0.000000
vn 1.000000 0.000000 0.000000
vn 1.000000 0.000000 0.000000
vn 1.000000 0.000000 0.000000
vn 0.000000 -0.998808 0.048818
vn 0.000000 -0.998808 0.048818
vn 0.000000 -0.998808 -0.048818
vn 0.000000 -0.998808 -0.048818
vn 0.000000 -0.035695 -0.999363
vn 0.000000 -0.035695 -0.999363
vn 0.000000 0.035695 -0.999363
vn 0.000000 0.035695 -0.999363
vn 0.000000 0.998808 -0.048818
vn 0.000000 0.998808 -0.048818
vn 0.000000 0.998808 0.048818
vn 0.000000 0.998808 0.048818
vn 0.000000 0.035695 0.999363
vn 0.000000 0.035695 0.999363
vn 0.000000 -0.035695 0.999363
vn 0.000000 -0.035695 0.999363
vn 1.000000 0.000000 0.000000
vn 1.000000 0.000000 0.000000
vn 1.000000 0.000000 0.000000
vn 1.000000 0.000000 0.000000
vn 1.000000 0.000001 0.000000
vn 1.000000 0.000001 0.000000
vn 1.000000 0.000001 0.000000
vn 1.000000 0.000001 0.000000
vn 1.000000 0.000000 0.000000
vn 1.000000 0.000000 0.000000
vn 1.000000 0.000000 0.000000
vn 1.000000 0.000000 0.000000
vn 1.000000 -0.000001 0.000000
vn 1.000000 -0.000001 0.000000
vn 1.000000 -0.000001 0.000000
vn 1.000000 -0.000001 0.000000
vn 0.000000 0.000000 -1.000000
vn 0.000000 0.000000 -1.000000
vn 0.000000 0.000000 -1.000000
vn 0.000000 0.000000 -1.000000
vn 0.000000 1.000000 0.000000
vn 0.000000 1.000000 0.000000
vn 0.000000 1.000000 0.000000
vn 0.000000 1.000000 0.000000
vn 0.000000 0.000000 1.000000
vn 0.000000 0.000000 1.000000
vn 0.000000 0.000000 1.000000
vn 0.000000 0.000000 1.000000
vn 0.000000 -1.000000 0.000000
vn 0.000000 -1.000000 0.000000
vn 0.000000 -1.000000 0.000000
vn 0.000000 -1.000000 0.000000
vn 1.000000 -0.000002 0.000000
vn 1.000000 -0.000002 0.000000
vn 1.000000 -0.000002 0.000000
vn 1.000000 -0.000002 0.000000
vn 0.000000 -0.035695 0.999363
vn 0.000000 -0.998808 0.048818
vn 0.000000 -0.998808 0.048818
vn 0.000000 -0.035695 0.999363
vn 0.000000 -0.998808 -0.048818
vn 0.000000 -0.035695 -0.999363
vn 0.000000 -0.035695 -0.999363
vn 0.000000 -0.998808 -0.048818
vn 0.000000 0.035695 -0.999363
vn 0.000000 0.998808 -0.048818
vn 0.000000 0.998808 -0.048818
vn 0.000000 0.035695 -0.999363
vn 0.000000 0.998808 0.048818
vn 0.000000 0.035695 0.999363
vn 0.000000 0.035695 0.999363
vn 0.000000 0.998808 0.048818
vn 1.000000 -0.000001 0.000000
vn 1.000000 -0.000001 0.000000
vn 1.000000 -0.000001 0.000000
vn 0.000000 0.000000 1.000000
vn 0.000000 0.000000 1.000000
vn 0.000000 0.000000 1.000000
vn 0.000000 0.000000 1.000000
vn 0.000000 1.000000 0.000000
vn 0.000000 1.000000 0.000000
vn 0.000000 1.000000 0.000000
vn 0.000000 1.000000 0.000000
vn 0.000000 1.000000 0.000000
vn 0.000000 1.000000 0.000000
vn 0.000000 1.000000 0.000000
vn 1.000000 0.000000 -0.000000
vn 1.000000 0.000000 -0.000000
vn 1.000000 0.000000 -0.000000
vn 1.000000 0.000000 -0.000000
vn -1.000000 0.000000 0.000000
vn -1.000000 0.000000 0.000000
vn -1.000000 0.000000 0.000000
vn -1.000000 0.000000 0.000000
vn 0.000000 1.000000 0.000000
vn 0.000000 1.000000 0.000000
vn 0.000000 1.000000 0.000000
vn 0.000000 1.000000 0.000000
vn 0.000000 1.000000 0.000000
vn 0.000000 1.000000 0.000000
vn 0.000000 1.000000 0.000000
vn 0.000000 1.000000 0.000000
vn 0.000000 1.000000 0.000000
vn 0.000000 1.000000 0.000000
vn 0.000000 1.000000 0.000000
vn 0.000000 1.000000 0.000000
vn 0.000000 1.000000 0.000000
vn 0.000000 0.000000 1.000000
vn 0.000000 0.000000 1.000000
vn 0.000000 0.000000 1.000000
vn 0.000000 0.000000 1.000000
vn 0.000000 0.000000 1.000000
vn 0.000000 0.000000 1.000000
vn 0.000000 0.000000 1.000000
vn 0.000000 0.000000 1.000000
vn 0.000000 0.000000 1.000000
vn 0.000000 0.000000 1.000000
vn 0.000000 0.000000 1.000000
vn 0.000000 0.000000 1.000000
vn 0.000000 0.000000 1.000000
vn 0.000000 0.000000 1.000000
vn 0.000000 0.000000 1.000000
vn 0.000000 0.000000 1.000000
vn 1.000000 0.000000 0.000000
vn 1.000000 0.000000 0.000000
vn 1.000000 0.000000 0.000000
vn 1.000000 0.000000 0.000000
vn -1.000000 0.000000 0.000000
vn -1.000000 0.000000 0.000000
vn -1.000000 0.000000 0.000000
vn -1.000000 0.000000 0.000000
vn 0.000000 -1.000000 0.000000
vn 0.000000 -1.000000 0.000000
vn 0.000000 -1.000000 0.000000
vn 0.000000 -1.000000 0.000000
vn -0.000001 0.000000 1.000000
vn -0.000001 0.000000 1.000000
vn -0.000001 0.000000 1.000000
vn -0.000001 0.000000 1.000000
vn 0.000000 0.000000 1.000000
vn 0.000000 0.000000 1.000000
vn 0.000000 0.000000 1.000000
vn 0.000000 0.000000 1.000000
vn 0.000000 0.000000 1.000000
vn 0.000000 0.000000 1.000000
vn 0.000000 0.000000 1.000000
vn 0.000000 0.000000 1.000000
vn 0.000000 0.000000 1.000000
vn 0.000000 0.000000 1.000000
vn 0.000000 0.000000 1.000000
vn 0.000000 0.000000 1.000000
vn -1.000000 0.000000 0.000000
vn -1.000000 0.000000 0.000000
vn -1.000000 0.000000 0.000000
vn -1.000000 0.000000 0.000000
vn 0.000000 -1.000000 0.000000
vn 0.000000 -1.000000 0.000000
vn 0.000000 -1.000000 0.000000
vn 0.000000 -1.000000 0.000000
vn 1.000000 0.000000 0.000000
vn 1.000000 0.000000 0.000000
vn 1.000000 0.000000 0.000000
vn 1.000000 0.000000 0.000000
vn 0.000000 1.000000 0.000000
vn 0.000000 1.000000 0.000000
vn 0.000000 1.000000 0.000000
vn 0.000000 1.000000 0.000000
vn 1.000000 0.000000 0.000000
vn 1.000000 0.000000 0.000000
vn 1.000000 0.000000 0.000000
vn 1.000000 0.000000 0.000000
vn 1.000000 0.000000 0.000000
vn 1.000000 0.000000 0.000000
vn 1.000000 0.000000 0.000000
vn 1.000000 0.000000 0.000000
vn 1.000000 0.000000 0.000000
vn 1.000000 0.000000 0.000000
vn 1.000000 0.000000 0.000000
vn 1.000000 0.000000 0.000000
vn 1.000000 0.000000 0.000000
vn 1.000000 0.000000 0.000000
vn 1.000000 0.000002 0.000000
vn 1.000000 0.000002 0.000000
vn 1.000000 0.000002 0.000000
vn 1.000000 0.000002 0.000000
vn 0.000000 -1.000000 0.000000
vn 0.000000 -1.000000 0.000000
vn 0.000000 -1.000000 0.000000
vn 0.000000 -1.000000 0.000000
vn 1.000000 0.000000 0.000000
vn 1.000000 0.000000 0.000000
vn 1.000000 0.000000 0.000000
vn 1.000000 0.000000 0.000000
vn 0.000000 1.000000 0.000000
vn 0.000000 1.000000 0.000000
vn 0.000000 1.000000 0.000000
vn 0.000000 1.000000 0.000000
vn -1.000000 0.000000 0.000000
vn -1.000000 0.000000 0.000000
vn -1.000000 0.000000 0.000000
vn -1.000000 0.000000 0.000000
vn 0.000000 -1.000000 0.000000
vn 0.000000 -1.000000 0.000000
vn 0.000000 -1.000000 0.000000
vn 0.000000 -1.000000 0.000000
vn 1.000000 0.000000 0.000000
vn 1.000000 0.000000 0.000000
vn 1.000000 0.000000 0.000000
vn 1.000000 0.000000 0.000000
vn 0.000000 1.000000 0.000000
vn 0.000000 1.000000 0.000000
vn 0.000000 1.000000 0.000000
vn 0.000000 1.000000 0.000000
vn -1.000000 0.000000 0.000000
vn -1.000000 0.000000 0.000000
vn -1.000000 0.000000 0.000000
vn -1.000000 0.000000 0.000000
vn -0.072783 -0.211757 0.974608
vn -0.072783 -0.211757 0.974608
vn -0.072783 -0.211757 0.974608
vn -0.072783 -0.211757 0.974608
vn 0.134662 0.960866 0.242078
vn 0.134662 0.960867 0.242078
vn 0.134662 0.960867 0.242078
vn 0.134662 0.960867 0.242078
vn 0.071133 0.200106 -0.977189
vn 0.071133 0.200106 -0.977189
vn 0.071133 0.200106 -0.977189
vn 0.071133 0.200106 -0.977189
vn 0.989561 -0.137105 0.044394
vn 0.989561 -0.137105 0.044394
vn 0.989561 -0.137105 0.044394
vn 0.989561 -0.137105 0.044394
vn -0.990966 0.125494 -0.047302
vn -0.990966 0.125494 -0.047302
vn -0.990966 0.125494 -0.047302
vn -0.990966 0.125494 -0.047302
vn -0.016626 0.240147 0.970594
vn -0.016626 0.240147 0.970594
vn -0.016626 0.240147 0.970594
vn -0.016626 0.240147 0.970594
vn 0.412777 0.875549 -0.251058
vn 0.412777 0.875549 -0.251058
vn 0.412777 0.875549 -0.251058
vn 0.412777 0.875549 -0.251058
vn 0.011605 -0.250910 -0.967941
vn 0.011605 -0.250910 -0.967941
vn 0.011605 -0.250910 -0.967941
vn 0.011605 -0.250910 -0.967941
vn 0.927787 -0.358656 0.102844
vn 0.927787 -0.358656 0.102844
vn 0.927787 -0.358656 0.102844
vn 0.927787 -0.358656 0.102844
vn -0.932254 0.347789 -0.099727
vn -0.932254 0.347788 -0.099727
vn -0.932254 0.347789 -0.099727
vn -0.932254 0.347789 -0.099727
vn 0.002668 0.237181 0.971462
vn 0.002668 0.237181 0.971462
vn 0.002668 0.237181 0.971462
vn 0.002668 0.237181 0.971462
vn -0.066959 0.959104 -0.275018
vn -0.066959 0.959104 -0.275018
vn -0.066959 0.959104 -0.275018
vn -0.066959 0.959105 -0.275018
vn -0.001862 -0.248840 -0.968543
vn -0.001862 -0.248840 -0.968543
vn -0.001862 -0.248840 -0.968543
vn -0.001862 -0.248840 -0.968543
vn 0.998592 0.050992 -0.014622
vn 0.998592 0.050992 -0.014622
vn 0.998592 0.050992 -0.014622
vn 0.998592 0.050992 -0.014622
vn -0.997880 -0.062562 0.017940
vn -0.997880 -0.062562 0.017940
vn -0.997880 -0.062562 0.017940
vn -0.997880 -0.062562 0.017940
vn 0.006552 -0.317980 0.948075
vn 0.006552 -0.317980 0.948075
vn 0.006552 -0.317980 0.948075
vn 0.006552 -0.317980 0.948075
vn 0.312332 0.888777 0.335447
vn 0.312332 0.888777 0.335447
vn 0.312332 0.888777 0.335447
vn 0.312332 0.888777 0.335447
vn -0.010343 0.307014 -0.951649
vn -0.010343 0.307014 -0.951649
vn -0.010343 0.307014 -0.951649
vn -0.010343 0.307014 -0.951649
vn 0.959003 -0.267004 -0.094981
vn 0.959003 -0.267004 -0.094981
vn 0.959003 -0.267004 -0.094981
vn 0.959003 -0.267004 -0.094981
vn -0.962375 0.256085 0.090860
vn -0.962375 0.256085 0.090860
vn -0.962375 0.256085 0.090860
vn -0.962375 0.256085 0.090860
vn -0.024785 0.166236 0.985775
vn -0.024785 0.166236 0.985775
vn -0.024785 0.166236 0.985775
vn -0.024785 0.166236 0.985775
vn 0.215438 0.958515 -0.186641
vn 0.215438 0.958515 -0.186641
vn 0.215438 0.958515 -0.186641
vn 0.215438 0.958515 -0.186641
vn 0.022194 -0.177842 -0.983809
vn 0.022194 -0.177842 -0.983809
vn 0.022194 -0.177842 -0.983809
vn 0.022194 -0.177842 -0.983809
vn 0.980362 -0.189103 0.055946
vn 0.980362 -0.189103 0.055946
vn 0.980362 -0.189103 0.055946
vn 0.980362 -0.189103 0.055946
vn -0.982657 0.177491 -0.053679
vn -0.982657 0.177491 -0.053679
vn -0.982657 0.177491 -0.053679
vn -0.982657 0.177491 -0.053679
vn -0.008644 0.237907 0.971250
vn -0.008644 0.237907 0.971250
vn -0.008644 0.237907 0.971250
vn -0.008644 0.237907 0.971250
vn 0.216215 0.938524 -0.269117
vn 0.216215 0.938524 -0.269117
vn 0.216215 0.938524 -0.269117
vn 0.216215 0.938524 -0.269117
vn 0.006032 -0.249346 -0.968396
vn 0.006032 -0.249346 -0.968396
vn 0.006032 -0.249346 -0.968396
vn 0.006032 -0.249346 -0.968396
vn 0.980387 -0.189448 0.054323
vn 0.980387 -0.189448 0.054323
vn 0.980387 -0.189448 0.054323
vn 0.980387 -0.189448 0.054323
vn -0.982696 0.178048 -0.051054
vn -0.982697 0.178048 -0.051054
vn -0.982696 0.178048 -0.051054
vn -0.982696 0.178048 -0.051054
vn -0.031113 0.012729 0.999435
vn -0.031113 0.012729 0.999435
vn -0.031113 0.012729 0.999435
vn -0.031113 0.012729 0.999435
vn 0.121046 0.992493 -0.017488
vn 0.121046 0.992493 -0.017488
vn 0.121046 0.992493 -0.017488
vn 0.121046 0.992493 -0.017488
vn 0.029664 -0.024650 -0.999256
vn 0.029664 -0.024650 -0.999256
vn 0.029664 -0.024650 -0.999256
vn 0.029664 -0.024650 -0.999256
vn 0.993211 -0.111766 0.032268
vn 0.993211 -0.111766 0.032268
vn 0.993211 -0.111766 0.032268
vn 0.993211 -0.111766 0.032268
vn -0.994488 0.099828 -0.032052
vn -0.994488 0.099828 -0.032052
vn -0.994488 0.099828 -0.032052
vn -0.994488 0.099828 -0.032052
vn -0.000065 -0.005999 0.999982
vn -0.000065 -0.005999 0.999982
vn -0.000065 -0.005999 0.999982
vn -0.000065 -0.005999 0.999982
vn 0.011055 0.999939 0.000000
vn 0.011055 0.999939 0.000000
vn 0.011055 0.999939 0.000000
vn 0.011055 0.999939 0.000000
vn -0.000067 -0.005999 -0.999982
vn -0.000067 -0.005999 -0.999982
vn -0.000067 -0.005999 -0.999982
vn -0.000067 -0.005999 -0.999982
vn 0.999877 -0.015702 0.000000
vn 0.999877 -0.015702 0.000000
vn 0.999877 -0.015702 0.000000
vn 0.999877 -0.015702 0.000000
vn -0.999993 0.003704 0.000000
vn -0.999993 0.003704 0.000000
vn -0.999993 0.003704 0.000000
vn -0.999993 0.003704 0.000000
vn -0.073249 -0.211700 0.974586
vn -0.073249 -0.211700 0.974586
vn -0.073249 -0.211700 0.974586
vn -0.073249 -0.211700 0.974586
vn 0.114149 0.963747 0.241168
vn 0.114149 0.963747 0.241168
vn 0.114149 0.963747 0.241168
vn 0.114149 0.963747 0.241168
vn 0.071847 0.200018 -0.977155
vn 0.071847 0.200018 -0.977154
vn 0.071847 0.200018 -0.977155
vn 0.071847 0.200018 -0.977154
vn 0.991636 -0.119487 0.048801
vn 0.991636 -0.119487 0.048801
vn 0.991636 -0.119487 0.048801
vn 0.991636 -0.119487 0.048801
vn -0.992822 0.107852 -0.051699
vn -0.992822 0.107852 -0.051699
vn -0.992822 0.107852 -0.051699
vn -0.992822 0.107852 -0.051699
s off
g FastFood_Restaurant
usemtl FastFood_RestaurantSG
f 42/1/1 26/2/2 27/3/3 41/4/4
f 13/5/5 14/6/6 6/7/7 5/8/8
f 7/9/9 6/10/10 14/11/11 15/12/12
f 7/13/13 15/14/14 16/15/15 8/16/16
f 13/17/17 5/18/18 8/19/19 16/20/20
f 4/21/21 1/22/22 10/23/23 9/24/24
f 11/25/25 10/26/26 1/27/27 2/28/28
f 12/29/29 11/30/30 2/31/31 3/32/32
f 4/33/33 9/34/34 12/35/35 3/36/36
f 17/37/37 18/38/38 14/6/39 13/5/40
f 14/11/41 18/39/42 19/40/43 15/12/44
f 16/15/45 15/14/46 19/41/47 20/42/48
f 17/43/49 13/17/50 16/20/51 20/44/52
f 9/24/53 10/23/54 18/38/55 17/37/56
f 18/39/57 10/26/58 11/25/59 19/40/60
f 19/41/61 11/30/62 12/29/63 20/42/64
f 9/34/65 17/43/66 20/44/67 12/35/68
f 6/7/69 22/45/70 21/46/71 5/8/72
f 23/47/73 22/48/74 6/10/75 7/9/76
f 23/49/77 7/13/78 8/16/79 24/50/80
f 5/18/81 21/51/82 24/52/83 8/19/84
f 26/2/85 34/53/86 35/54/87 27/3/88
f 41/55/89 27/56/90 35/57/91
f 36/58/92 33/59/93 25/60/94 28/61/95
f 22/45/96 30/62/97 29/63/98 21/46/99
f 31/64/100 30/65/101 22/48/102 23/47/103
f 32/66/104 31/67/105 23/49/106 24/50/107
f 21/51/108 29/68/109 32/69/110 24/52/111
f 43/70/112 44/71/113 34/72/114 33/73/115
f 34/53/116 44/74/117 45/75/118 35/54/119
f 35/57/120 45/76/121 46/77/122 36/78/123
f 43/79/124 33/59/125 36/58/126 46/80/127
f 28/81/128 37/82/129 36/78/130
f 25/60/131 38/83/132 37/84/133 28/61/134
f 38/85/135 25/86/136 33/73/137
f 37/82/138 39/87/139 35/57/140 36/78/141
f 38/83/142 40/88/143 39/89/144 37/84/145
f 40/90/146 38/85/147 33/73/148 34/72/149
f 39/87/150 41/55/151 35/57/152
f 40/88/153 42/1/154 41/4/155 39/89/156
f 42/91/157 40/90/158 34/72/159
f 30/62/160 44/71/161 43/70/162 29/63/163
f 44/74/164 30/65/165 31/64/166 45/75/167
f 45/76/168 31/67/169 32/66/170 46/77/171
f 29/68/172 43/79/173 46/80/174 32/69/175
f 42/91/176 34/72/177 26/92/178
f 47/93/179 48/94/180 90/95/181 49/96/182
f 89/97/183 53/98/184 51/99/185
f 87/100/186 54/101/187 52/102/188
f 53/98/189 47/93/190 88/103/191 51/99/192
f 49/104/193 90/105/194 60/106/195 55/107/196
f 59/108/197 87/109/198 52/110/199 57/111/200
f 89/112/201 51/113/202 58/114/203 62/115/204
f 88/116/205 49/104/206 55/107/207 61/117/208
f 51/113/209 88/116/210 61/117/211 58/114/212
f 64/118/213 63/119/214 55/120/215 60/121/216
f 65/122/217 64/118/218 60/121/219 56/123/220
f 66/124/221 65/122/222 56/123/223 59/125/224
f 67/126/225 66/127/226 59/128/227 57/129/228
f 68/130/229 67/126/230 57/129/231 62/131/232
f 69/132/233 68/130/234 62/131/235 58/133/236
f 70/134/237 69/132/238 58/133/239 61/135/240
f 55/120/241 63/119/242 70/134/243 61/135/244
f 72/136/245 71/137/246 63/138/247 64/139/248
f 73/140/249 72/136/250 64/139/251 65/141/252
f 74/142/253 73/140/254 65/141/255 66/143/256
f 75/144/257 74/142/258 66/143/259 67/145/260
f 76/146/261 75/144/262 67/145/263 68/147/264
f 77/148/265 76/146/266 68/147/267 69/149/268
f 78/150/269 77/148/270 69/149/271 70/151/272
f 63/138/273 71/137/274 78/150/275 70/151/276
f 80/152/277 79/153/278 71/154/279 72/155/280
f 81/156/281 80/152/282 72/155/283 73/157/284
f 82/158/285 81/156/286 73/157/287 74/159/288
f 83/160/289 82/161/290 74/162/291 75/163/292
f 84/164/293 83/160/294 75/163/295 76/165/296
f 85/166/297 84/164/298 76/165/299 77/167/300
f 86/168/301 85/166/302 77/167/303 78/169/304
f 71/154/305 79/153/306 86/168/307 78/169/308
f 82/170/309 79/171/310 80/172/311
f 82/170/312 80/172/313 81/173/314
f 50/174/315 87/109/316 59/108/317 56/175/318
f 54/101/319 87/100/320 50/176/321 48/94/322
f 49/96/323 88/103/324 47/93/325
f 52/110/326 89/112/327 62/115/328 57/111/329
f 53/98/330 89/97/331 52/102/332 54/101/333
f 50/176/334 90/95/335 48/94/336
f 90/105/337 50/174/338 56/175/339 60/106/340
f 82/170/341 83/177/342 84/178/343
f 82/170/344 84/178/345 85/179/346
f 82/170/347 85/179/348 86/180/349
f 82/170/350 86/180/351 79/171/352
f 91/181/353 92/182/354 134/183/355 93/184/356
f 133/185/357 97/186/358 95/187/359
f 131/188/360 98/189/361 96/190/362
f 97/186/363 91/181/364 132/191/365 95/187/366
f 93/192/367 134/193/368 104/194/369 99/195/370
f 103/196/371 131/197/372 96/198/373 101/199/374
f 133/200/375 95/201/376 102/202/377 106/203/378
f 132/204/379 93/192/380 99/195/381 105/205/382
f 95/201/383 132/204/384 105/205/385 102/202/386
f 108/206/387 107/207/388 99/208/389 104/209/390
f 109/210/391 108/206/392 104/209/393 100/211/394
f 110/212/395 109/210/396 100/211/397 103/213/398
f 111/214/399 110/215/400 103/216/401 101/217/402
f 112/218/403 111/214/404 101/217/405 106/219/406
f 113/220/407 112/218/408 106/219/409 102/221/410
f 114/222/411 113/220/412 102/221/413 105/223/414
f 99/208/415 107/207/416 114/222/417 105/223/418
f 116/224/419 115/225/420 107/226/421 108/227/422
f 117/228/423 116/224/424 108/227/425 109/229/426
f 118/230/427 117/228/428 109/229/429 110/231/430
f 119/232/431 118/230/432 110/231/433 111/233/434
f 120/234/435 119/232/436 111/233/437 112/235/438
f 121/236/439 120/234/440 112/235/441 113/237/442
f 122/238/443 121/236/444 113/237/445 114/239/446
f 107/226/447 115/225/448 122/238/449 114/239/450
f 124/240/451 123/241/452 115/242/453 116/243/454
f 125/244/455 124/240/456 116/243/457 117/245/458
f 126/246/459 125/244/460 117/245/461 118/247/462
f 127/248/463 126/249/464 118/250/465 119/251/466
f 128/252/467 127/248/468 119/251/469 120/253/470
f 129/254/471 128/252/472 120/253/473 121/255/474
f 130/256/475 129/254/476 121/255/477 122/257/478
f 115/242/479 123/241/480 130/256/481 122/257/482
f 126/258/483 123/259/484 124/260/485
f 126/258/486 124/260/487 125/261/488
f 94/262/489 131/197/490 103/196/491 100/263/492
f 98/189/493 131/188/494 94/264/495 92/182/496
f 93/184/497 132/191/498 91/181/499
f 96/198/500 133/200/501 106/203/502 101/199/503
f 97/186/504 133/185/505 96/190/506 98/189/507
f 94/264/508 134/183/509 92/182/510
f 134/193/511 94/262/512 100/263/513 104/194/514
f 126/258/515 127/265/516 128/266/517
f 126/258/518 128/266/519 129/267/520
f 126/258/521 129/267/522 130/268/523
f 126/258/524 130/268/525 123/259/526
f 147/269/527 140/270/528 136/271/529 135/272/530
f 142/273/531 148/274/532 137/275/533 138/276/534
f 135/272/535 139/277/536 143/278/537
f 144/279/538 141/280/539 137/275/540
f 143/278/541 145/281/542 135/272/543
f 146/282/544 144/279/545 137/275/546
f 145/281/547 147/269/548 135/272/549
f 148/274/550 146/282/551 137/275/552
f 141/283/553 144/284/554 143/285/555 139/286/556
f 143/285/557 144/284/558 146/287/559 145/288/560
f 146/287/561 148/289/562 147/290/563 145/288/564
f 148/289/565 142/291/566 140/292/567 147/290/568
f 142/291/569 138/276/570 136/271/571 140/292/572
f 138/276/573 137/275/574 135/272/575 136/271/576
f 154/293/577 153/294/578 155/295/579 156/296/580
f 149/297/581 150/298/582 153/294/583 154/293/584
f 150/299/585 151/300/586 155/295/587 153/294/588
f 151/301/589 152/302/590 156/296/591 155/295/592
f 152/303/593 149/304/594 154/293/595 156/296/596
f 159/305/597 160/306/598 164/307/599 163/308/600
f 158/309/601 157/310/602 162/311/603 161/312/604
f 157/313/605 159/305/606 163/308/607 162/314/608
f 157/315/609 158/316/610 160/306/611 159/305/612
f 160/306/613 158/317/614 161/318/615 164/307/616
f 161/312/617 162/311/618 163/308/619 164/307/620
f 165/319/621 170/320/622 169/321/623 166/322/624
f 166/323/625 169/324/626 171/325/627 167/326/628
f 168/327/629 172/328/630 170/320/631 165/319/632
f 172/328/633 168/327/634 167/326/635 171/325/636
f 173/329/637 174/330/638 177/331/639 178/332/640
f 174/330/641 175/333/642 179/334/643 177/331/644
f 175/335/645 176/336/646 180/337/647 179/338/648
f 176/336/649 173/329/650 178/332/651 180/337/652
f 192/339/653 191/340/654 181/341/655 182/342/656
f 193/343/657 192/339/658 182/342/659 183/344/660
f 194/345/661 193/346/662 183/347/663 184/348/664
f 195/349/665 194/345/666 184/348/667 185/350/668
f 196/351/669 195/349/670 185/350/671 186/352/672
f 197/353/673 196/351/674 186/352/675 187/354/676
f 198/355/677 197/353/678 187/354/679 188/356/680
f 199/357/681 198/355/682 188/356/683 189/358/684
f 200/359/685 199/357/686 189/358/687 190/360/688
f 181/341/689 191/340/690 200/359/691 190/360/692
f 193/361/693 191/362/694 192/363/695
f 193/361/696 194/364/697 195/365/698
f 193/361/699 195/365/700 196/366/701
f 193/361/702 196/366/703 197/367/704
f 193/361/705 197/367/706 198/368/707
f 193/361/708 198/368/709 199/369/710
f 193/361/711 199/369/712 200/370/713
f 191/362/714 193/361/715 200/370/716
f 182/371/717 181/372/718 183/373/719
f 185/374/720 184/375/721 183/373/722
f 186/376/723 185/374/724 183/373/725
f 187/377/726 186/376/727 183/373/728
f 188/378/729 187/377/730 183/373/731
f 189/379/732 188/378/733 183/373/734
f 190/380/735 189/379/736 183/373/737
f 183/373/738 181/372/739 190/380/740
f 212/381/741 211/382/742 201/383/743 202/384/744
f 213/385/745 212/381/746 202/384/747 203/386/748
f 214/387/749 213/388/750 203/389/751 204/390/752
f 215/391/753 214/387/754 204/390/755 205/392/756
f 216/393/757 215/391/758 205/392/759 206/394/760
f 217/395/761 216/393/762 206/394/763 207/396/764
f 218/397/765 217/395/766 207/396/767 208/398/768
f 219/399/769 218/397/770 208/398/771 209/400/772
f 220/401/773 219/399/774 209/400/775 210/402/776
f 201/383/777 211/382/778 220/401/779 210/402/780
f 213/403/781 211/404/782 212/405/783
f 213/403/784 214/406/785 215/407/786
f 213/403/787 215/407/788 216/408/789
f 213/403/790 216/408/791 217/409/792
f 213/403/793 217/409/794 218/410/795
f 213/403/796 218/410/797 219/411/798
f 213/403/799 219/411/800 220/412/801
f 211/404/802 213/403/803 220/412/804
f 202/413/805 201/414/806 203/415/807
f 205/416/808 204/417/809 203/415/810
f 206/418/811 205/416/812 203/415/813
f 207/419/814 206/418/815 203/415/816
f 208/420/817 207/419/818 203/415/819
f 209/421/820 208/420/821 203/415/822
f 210/422/823 209/421/824 203/415/825
f 203/415/826 201/414/827 210/422/828
f 232/423/829 231/424/830 221/425/831 222/426/832
f 233/427/833 232/423/834 222/426/835 223/428/836
f 234/429/837 233/430/838 223/431/839 224/432/840
f 235/433/841 234/429/842 224/432/843 225/434/844
f 236/435/845 235/433/846 225/434/847 226/436/848
f 237/437/849 236/435/850 226/436/851 227/438/852
f 238/439/853 237/437/854 227/438/855 228/440/856
f 239/441/857 238/439/858 228/440/859 229/442/860
f 240/443/861 239/441/862 229/442/863 230/444/864
f 221/425/865 231/424/866 240/443/867 230/444/868
f 233/445/869 231/446/870 232/447/871
f 233/445/872 234/448/873 235/449/874
f 233/445/875 235/449/876 236/450/877
f 233/445/878 236/450/879 237/451/880
f 233/445/881 237/451/882 238/452/883
f 233/445/884 238/452/885 239/453/886
f 233/445/887 239/453/888 240/454/889
f 231/446/890 233/445/891 240/454/892
f 222/455/893 221/456/894 223/457/895
f 225/458/896 224/459/897 223/457/898
f 226/460/899 225/458/900 223/457/901
f 227/461/902 226/460/903 223/457/904
f 228/462/905 227/461/906 223/457/907
f 229/463/908 228/462/909 223/457/910
f 230/464/911 229/463/912 223/457/913
f 223/457/914 221/456/915 230/464/916
f 252/465/917 251/466/918 241/467/919 242/468/920
f 253/469/921 252/465/922 242/468/923 243/470/924
f 254/471/925 253/472/926 243/473/927 244/474/928
f 255/475/929 254/471/930 244/474/931 245/476/932
f 256/477/933 255/475/934 245/476/935 246/478/936
f 257/479/937 256/477/938 246/478/939 247/480/940
f 258/481/941 257/479/942 247/480/943 248/482/944
f 259/483/945 258/481/946 248/482/947 249/484/948
f 260/485/949 259/483/950 249/484/951 250/486/952
f 241/467/953 251/466/954 260/485/955 250/486/956
f 253/487/957 251/488/958 252/489/959
f 253/487/960 254/490/961 255/491/962
f 253/487/963 255/491/964 256/492/965
f 253/487/966 256/492/967 257/493/968
f 253/487/969 257/493/970 258/494/971
f 253/487/972 258/494/973 259/495/974
f 253/487/975 259/495/976 260/496/977
f 251/488/978 253/487/979 260/496/980
f 242/497/981 241/498/982 243/499/983
f 245/500/984 244/501/985 243/499/986
f 246/502/987 245/500/988 243/499/989
f 247/503/990 246/502/991 243/499/992
f 248/504/993 247/503/994 243/499/995
f 249/505/996 248/504/997 243/499/998
f 250/506/999 249/505/1000 243/499/1001
f 243/499/1002 241/498/1003 250/506/1004
f 261/507/1005 262/508/1006 264/509/1007 263/510/1008
f 265/511/1009 266/512/1010 268/513/1011 267/514/1012
f 262/508/1013 268/513/1014 266/512/1015 264/509/1016
f 267/515/1017 261/507/1018 263/510/1019 265/516/1020
f 269/517/1021 270/518/1022 272/519/1023 271/520/1024
f 263/521/1025 264/522/1026 274/523/1027 273/524/1028
f 270/518/1029 274/523/1030 264/522/1031 272/519/1032
f 273/525/1033 269/517/1034 271/520/1035 263/526/1036
f 278/527/1037 277/528/1038 275/529/1039 276/530/1040
f 277/528/1041 278/527/1042 280/531/1043 279/532/1044
f 279/533/1045 280/534/1046 282/535/1047 281/536/1048
f 280/537/1049 278/527/1050 276/530/1051 282/538/1052
f 275/529/1053 277/528/1054 279/533/1055 281/536/1056
f 286/539/1057 285/540/1058 283/541/1059 284/542/1060
f 285/540/1061 286/539/1062 288/543/1063 287/544/1064
f 287/545/1065 288/546/1066 290/547/1067 289/548/1068
f 288/546/1069 286/539/1070 284/542/1071 290/547/1072
f 283/541/1073 285/540/1074 287/549/1075 289/550/1076
f 291/551/1077 292/552/1078 294/553/1079 293/554/1080
f 293/554/1081 294/553/1082 296/555/1083 295/556/1084
f 295/557/1085 296/558/1086 298/559/1087 297/560/1088
f 292/552/1089 298/561/1090 296/562/1091 294/553/1092
f 297/560/1093 291/551/1094 293/554/1095 295/557/1096
f 308/563/1097 299/564/1098 310/565/1099 309/566/1100
f 299/567/1101 300/568/1102 311/569/1103 310/570/1104
f 300/568/1105 301/571/1106 312/572/1107 311/569/1108
f 301/571/1109 302/573/1110 313/574/1111 312/572/1112
f 302/573/1113 303/575/1114 314/576/1115 313/574/1116
f 303/575/1117 304/577/1118 315/578/1119 314/576/1120
f 304/577/1121 305/579/1122 316/580/1123 315/578/1124
f 305/579/1125 306/581/1126 317/582/1127 316/580/1128
f 306/581/1129 307/583/1130 318/584/1131 317/582/1132
f 307/583/1133 308/563/1134 309/566/1135 318/584/1136
f 309/566/1137 310/565/1138 319/585/1139 328/586/1140
f 310/570/1141 311/569/1142 320/587/1143 319/588/1144
f 311/569/1145 312/572/1146 321/589/1147 320/587/1148
f 312/572/1149 313/574/1150 322/590/1151 321/589/1152
f 313/574/1153 314/576/1154 323/591/1155 322/590/1156
f 314/576/1157 315/578/1158 324/592/1159 323/591/1160
f 315/578/1161 316/580/1162 325/593/1163 324/592/1164
f 316/580/1165 317/582/1166 326/594/1167 325/593/1168
f 317/582/1169 318/584/1170 327/595/1171 326/594/1172
f 318/584/1173 309/566/1174 328/586/1175 327/595/1176
f 338/596/1177 329/597/1178 340/598/1179 339/599/1180
f 329/597/1181 330/600/1182 341/601/1183 340/598/1184
f 330/600/1185 331/602/1186 342/603/1187 341/601/1188
f 331/602/1189 332/604/1190 343/605/1191 342/603/1192
f 332/604/1193 333/606/1194 344/607/1195 343/605/1196
f 333/606/1197 334/608/1198 345/609/1199 344/607/1200
f 334/608/1201 335/610/1202 346/611/1203 345/609/1204
f 335/610/1205 336/612/1206 347/613/1207 346/611/1208
f 336/612/1209 337/614/1210 348/615/1211 347/613/1212
f 337/614/1213 338/596/1214 339/599/1215 348/615/1216
f 339/599/1217 340/598/1218 349/616/1219 358/617/1220
f 340/598/1221 341/601/1222 350/618/1223 349/616/1224
f 341/601/1225 342/603/1226 351/619/1227 350/618/1228
f 342/603/1229 343/605/1230 352/620/1231 351/619/1232
f 343/605/1233 344/607/1234 353/621/1235 352/620/1236
f 344/607/1237 345/609/1238 354/622/1239 353/621/1240
f 345/609/1241 346/611/1242 355/623/1243 354/622/1244
f 346/611/1245 347/613/1246 356/624/1247 355/623/1248
f 347/613/1249 348/615/1250 357/625/1251 356/624/1252
f 348/615/1253 339/599/1254 358/617/1255 357/625/1256
f 329/597/1257 338/596/1258 359/626/1259
f 330/600/1260 329/597/1261 359/626/1262
f 331/602/1263 330/600/1264 359/626/1265
f 332/604/1266 331/602/1267 359/626/1268
f 333/606/1269 332/604/1270 359/626/1271
f 334/608/1272 333/606/1273 359/626/1274
f 335/610/1275 334/608/1276 359/626/1277
f 336/612/1278 335/610/1279 359/626/1280
f 337/614/1281 336/612/1282 359/626/1283
f 338/596/1284 337/614/1285 359/626/1286
f 328/586/1287 319/585/1288 369/627/1289 360/628/1290
f 319/588/1291 320/587/1292 368/629/1293 369/630/1294
f 320/587/1295 321/589/1296 367/631/1297 368/629/1298
f 321/589/1299 322/590/1300 366/632/1301 367/631/1302
f 322/590/1303 323/591/1304 365/633/1305 366/632/1306
f 323/591/1307 324/592/1308 364/634/1309 365/633/1310
f 324/592/1311 325/593/1312 363/635/1313 364/634/1314
f 325/593/1315 326/594/1316 362/636/1317 363/635/1318
f 326/594/1319 327/595/1320 361/637/1321 362/636/1322
f 327/595/1323 328/586/1324 360/628/1325 361/637/1326
f 361/637/1327 360/628/1328 370/638/1329 371/639/1330
f 362/636/1331 361/637/1332 371/639/1333 372/640/1334
f 363/635/1335 362/636/1336 372/640/1337 373/641/1338
f 364/634/1339 363/635/1340 373/641/1341 374/642/1342
f 365/633/1343 364/634/1344 374/642/1345 375/643/1346
f 366/632/1347 365/633/1348 375/643/1349 376/644/1350
f 367/631/1351 366/632/1352 376/644/1353 377/645/1354
f 368/629/1355 367/631/1356 377/645/1357 378/646/1358
f 369/630/1359 368/629/1360 378/646/1361 379/647/1362
f 360/628/1363 369/627/1364 379/648/1365 370/638/1366
f 371/639/1367 370/638/1368 356/649/1369 357/650/1370
f 372/640/1371 371/639/1372 357/650/1373 358/651/1374
f 373/641/1375 372/640/1376 358/651/1377 349/652/1378
f 374/642/1379 373/641/1380 349/652/1381 350/653/1382
f 375/643/1383 374/642/1384 350/653/1385 351/654/1386
f 376/644/1387 375/643/1388 351/654/1389 352/655/1390
f 377/645/1391 376/644/1392 352/655/1393 353/656/1394
f 378/646/1395 377/645/1396 353/656/1397 354/657/1398
f 379/647/1399 378/646/1400 354/657/1401 355/658/1402
f 370/638/1403 379/648/1404 355/659/1405 356/649/1406
f 380/660/1407 381/661/1408 423/662/1409 382/663/1410
f 422/664/1411 386/665/1412 384/666/1413
f 420/667/1414 387/668/1415 385/669/1416
f 386/665/1417 380/660/1418 421/670/1419 384/666/1420
f 382/671/1421 423/672/1422 393/673/1423 388/674/1424
f 392/675/1425 420/676/1426 385/677/1427 390/678/1428
f 422/679/1429 384/680/1430 391/681/1431 395/682/1432
f 421/683/1433 382/671/1434 388/674/1435 394/684/1436
f 384/680/1437 421/683/1438 394/684/1439 391/681/1440
f 397/685/1441 396/686/1442 388/687/1443 393/688/1444
f 398/689/1445 397/685/1446 393/688/1447 389/690/1448
f 399/691/1449 398/689/1450 389/690/1451 392/692/1452
f 400/693/1453 399/694/1454 392/695/1455 390/696/1456
f 401/697/1457 400/693/1458 390/696/1459 395/698/1460
f 402/699/1461 401/697/1462 395/698/1463 391/700/1464
f 403/701/1465 402/699/1466 391/700/1467 394/702/1468
f 388/687/1469 396/686/1470 403/701/1471 394/702/1472
f 405/703/1473 404/704/1474 396/705/1475 397/706/1476
f 406/707/1477 405/703/1478 397/706/1479 398/708/1480
f 407/709/1481 406/707/1482 398/708/1483 399/710/1484
f 408/711/1485 407/709/1486 399/710/1487 400/712/1488
f 409/713/1489 408/711/1490 400/712/1491 401/714/1492
f 410/715/1493 409/713/1494 401/714/1495 402/716/1496
f 411/717/1497 410/715/1498 402/716/1499 403/718/1500
f 396/705/1501 404/704/1502 411/717/1503 403/718/1504
f 413/719/1505 412/720/1506 404/721/1507 405/722/1508
f 414/723/1509 413/719/1510 405/722/1511 406/724/1512
f 415/725/1513 414/723/1514 406/724/1515 407/726/1516
f 416/727/1517 415/728/1518 407/729/1519 408/730/1520
f 417/731/1521 416/727/1522 408/730/1523 409/732/1524
f 418/733/1525 417/731/1526 409/732/1527 410/734/1528
f 419/735/1529 418/733/1530 410/734/1531 411/736/1532
f 404/721/1533 412/720/1534 419/735/1535 411/736/1536
f 415/737/1537 412/738/1538 413/739/1539
f 415/737/1540 413/739/1541 414/740/1542
f 383/741/1543 420/676/1544 392/675/1545 389/742/1546
f 387/668/1547 420/667/1548 383/743/1549 381/661/1550
f 382/663/1551 421/670/1552 380/660/1553
f 385/677/1554 422/679/1555 395/682/1556 390/678/1557
f 386/665/1558 422/664/1559 385/669/1560 387/668/1561
f 383/743/1562 423/662/1563 381/661/1564
f 423/672/1565 383/741/1566 389/742/1567 393/673/1568
f 415/737/1569 416/744/1570 417/745/1571
f 415/737/1572 417/745/1573 418/746/1574
f 415/737/1575 418/746/1576 419/747/1577
f 415/737/1578 419/747/1579 412/738/1580
f 424/748/1581 425/749/1582 467/750/1583 426/751/1584
f 466/752/1585 430/753/1586 428/754/1587
f 464/755/1588 431/756/1589 429/757/1590
f 430/753/1591 424/748/1592 465/758/1593 428/754/1594
f 426/759/1595 467/760/1596 437/761/1597 432/762/1598
f 436/763/1599 464/764/1600 429/765/1601 434/766/1602
f 466/767/1603 428/768/1604 435/769/1605 439/770/1606
f 465/771/1607 426/759/1608 432/762/1609 438/772/1610
f 428/768/1611 465/771/1612 438/772/1613 435/769/1614
f 441/773/1615 440/774/1616 432/775/1617 437/776/1618
f 442/777/1619 441/773/1620 437/776/1621 433/778/1622
f 443/779/1623 442/777/1624 433/778/1625 436/780/1626
f 444/781/1627 443/782/1628 436/783/1629 434/784/1630
f 445/785/1631 444/781/1632 434/784/1633 439/786/1634
f 446/787/1635 445/785/1636 439/786/1637 435/788/1638
f 447/789/1639 446/787/1640 435/788/1641 438/790/1642
f 432/775/1643 440/774/1644 447/789/1645 438/790/1646
f 449/791/1647 448/792/1648 440/793/1649 441/794/1650
f 450/795/1651 449/791/1652 441/794/1653 442/796/1654
f 451/797/1655 450/795/1656 442/796/1657 443/798/1658
f 452/799/1659 451/797/1660 443/798/1661 444/800/1662
f 453/801/1663 452/799/1664 444/800/1665 445/802/1666
f 454/803/1667 453/801/1668 445/802/1669 446/804/1670
f 455/805/1671 454/803/1672 446/804/1673 447/806/1674
f 440/793/1675 448/792/1676 455/805/1677 447/806/1678
f 457/807/1679 456/808/1680 448/809/1681 449/810/1682
f 458/811/1683 457/807/1684 449/810/1685 450/812/1686
f 459/813/1687 458/811/1688 450/812/1689 451/814/1690
f 460/815/1691 459/816/1692 451/817/1693 452/818/1694
f 461/819/1695 460/815/1696 452/818/1697 453/820/1698
f 462/821/1699 461/819/1700 453/820/1701 454/822/1702
f 463/823/1703 462/821/1704 454/822/1705 455/824/1706
f 448/809/1707 456/808/1708 463/823/1709 455/824/1710
f 459/825/1711 456/826/1712 457/827/1713
f 459/825/1714 457/827/1715 458/828/1716
f 427/829/1717 464/764/1718 436/763/1719 433/830/1720
f 431/756/1721 464/755/1722 427/831/1723 425/749/1724
f 426/751/1725 465/758/1726 424/748/1727
f 429/765/1728 466/767/1729 439/770/1730 434/766/1731
f 430/753/1732 466/752/1733 429/757/1734 431/756/1735
f 427/831/1736 467/750/1737 425/749/1738
f 467/760/1739 427/829/1740 433/830/1741 437/761/1742
f 459/825/1743 460/832/1744 461/833/1745
f 459/825/1746 461/833/1747 462/834/1748
f 459/825/1749 462/834/1750 463/835/1751
f 459/825/1752 463/835/1753 456/826/1754
f 468/836/1755 469/837/1756 471/838/1757 470/839/1758
f 476/840/1759 477/841/1760 473/842/1761 472/843/1762
f 472/844/1763 473/845/1764 475/846/1765 474/847/1766
f 477/848/1767 478/849/1768 475/846/1769 473/845/1770
f 474/850/1771 479/851/1772 476/852/1773 472/853/1774
f 470/854/1775 471/855/1776 477/841/1777 476/840/1778
f 469/837/1779 478/849/1780 477/848/1781 471/838/1782
f 476/852/1783 479/851/1784 468/836/1785 470/839/1786
f 469/837/1787 475/846/1788 478/849/1789
f 479/851/1790 474/850/1791 468/836/1792
f 485/856/1793 483/857/1794 480/858/1795 484/859/1796
f 487/860/1797 483/857/1798 485/856/1799 486/861/1800
f 484/859/1801 492/862/1802 493/863/1803 485/856/1804
f 485/856/1805 493/863/1806 500/864/1807
f 482/865/1808 494/866/1809 495/867/1810 481/868/1811
f 492/869/1812 496/870/1813 497/871/1814 493/872/1815
f 494/873/1816 498/874/1817 499/875/1818 495/876/1819
f 493/863/1820 494/866/1821 482/865/1822 500/864/1823
f 498/874/1824 494/877/1825 493/878/1826 497/871/1827
f 499/875/1828 498/874/1829 497/871/1830 496/870/1831
f 495/879/1832 499/875/1833 496/870/1834 492/880/1835
f 481/868/1836 495/867/1837 492/862/1838 484/859/1839
f 489/881/1840 481/882/1841 484/883/1842 488/884/1843
f 491/885/1844 489/886/1845 488/887/1846 490/888/1847
f 500/864/1848 486/861/1849 485/856/1850
f 482/889/1851 501/890/1852 502/891/1853 500/892/1854
f 501/893/1855 503/894/1856 504/895/1857 502/896/1858
f 491/885/1859 490/888/1860 515/897/1861 516/898/1862
f 481/882/1863 506/899/1864 507/900/1865 482/889/1866
f 483/901/1867 508/902/1868 505/903/1869 480/904/1870
f 521/905/1871 522/906/1872 523/907/1873 524/908/1874
f 505/909/1875 509/910/1876 484/883/1877 480/911/1878
f 510/912/1879 509/913/1880 505/914/1881 508/915/1882
f 487/916/1883 486/917/1884 511/918/1885 512/919/1886
f 511/920/1887 510/912/1888 508/915/1889 512/921/1890
f 487/922/1891 512/923/1892 508/902/1893 483/901/1894
f 484/883/1895 509/910/1896 513/924/1897 488/884/1898
f 513/924/1899 509/910/1900 506/899/1901 514/925/1902
f 489/881/1903 514/925/1904 506/899/1905 481/882/1906
f 488/926/1907 513/927/1908 515/897/1909 490/888/1910
f 515/897/1911 513/928/1912 514/929/1913 516/898/1914
f 491/885/1915 516/898/1916 514/930/1917 489/931/1918
f 509/913/1919 510/912/1920 518/932/1921 517/933/1922
f 510/912/1923 525/934/1924 518/932/1925
f 507/935/1926 506/936/1927 520/937/1928 519/938/1929
f 509/913/1930 517/933/1931 520/937/1932 506/936/1933
f 517/939/1934 518/940/1935 522/906/1936 521/905/1937
f 522/906/1938 518/941/1939 519/942/1940 523/907/1941
f 519/943/1942 520/944/1943 524/908/1944 523/907/1945
f 517/945/1946 521/905/1947 524/908/1948 520/946/1949
f 503/894/1950 528/947/1951 529/948/1952 504/895/1953
f 518/932/1954 525/934/1955 507/935/1956 519/938/1957
f 500/892/1958 525/949/1959 511/918/1960 486/917/1961
f 525/934/1962 510/912/1963 511/920/1964
f 482/889/1965 507/900/1966 526/950/1967 501/890/1968
f 507/900/1969 525/949/1970 527/951/1971 526/950/1972
f 502/891/1973 527/951/1974 525/949/1975 500/892/1976
f 501/952/1977 526/953/1978 528/947/1979 503/894/1980
f 526/954/1981 527/955/1982 529/948/1983 528/947/1984
f 504/895/1985 529/948/1986 527/956/1987 502/957/1988
f 531/958/1989 532/959/1990 533/960/1991 530/961/1992
f 535/962/1993 536/963/1994 537/964/1995 534/965/1996
f 533/966/1997 532/967/1998 538/968/1999 539/969/2000
f 530/961/2001 540/970/2002 541/971/2003 531/958/2004
f 540/970/2005 542/972/2006 543/973/2007 541/971/2008
f 542/972/2009 544/974/2010 545/975/2011 543/973/2012
f 545/975/2013 544/974/2014 537/964/2015 536/963/2016
f 540/976/2017 530/977/2018 539/969/2019
f 538/978/2020 535/979/2021 534/980/2022 539/969/2023
f 530/977/2024 533/966/2025 539/969/2026
f 542/981/2027 540/976/2028 539/969/2029 534/980/2030
f 544/982/2031 542/981/2032 534/980/2033
f 534/980/2034 537/983/2035 544/982/2036
f 551/984/2037 553/985/2038 552/986/2039 550/987/2040
f 546/988/2041 547/989/2042 548/990/2043 549/991/2044
f 546/992/2045 551/984/2046 550/987/2047 547/993/2048
f 547/994/2049 550/987/2050 552/986/2051 548/995/2052
f 548/990/2053 552/986/2054 553/985/2055 549/991/2056
f 549/996/2057 553/985/2058 551/984/2059 546/997/2060
f 554/998/2061 555/999/2062 558/1000/2063 559/1001/2064
f 555/999/2065 556/1002/2066 560/1003/2067 558/1000/2068
f 556/1004/2069 557/1005/2070 561/1006/2071 560/1007/2072
f 557/1005/2073 554/998/2074 559/1001/2075 561/1006/2076
f 567/1008/2077 566/1009/2078 568/1010/2079 569/1011/2080
f 562/1012/2081 565/1013/2082 564/1014/2083 563/1015/2084
f 562/1012/2085 563/1015/2086 566/1009/2087 567/1008/2088
f 563/1016/2089 564/1017/2090 568/1010/2091 566/1009/2092
f 564/1018/2093 565/1019/2094 569/1011/2095 568/1010/2096
f 565/1020/2097 562/1021/2098 567/1008/2099 569/1011/2100
f 575/1022/2101 574/1023/2102 576/1024/2103 577/1025/2104
f 571/1026/2105 572/1027/2106 576/1024/2107 574/1023/2108
f 572/1028/2109 573/1029/2110 577/1025/2111 576/1024/2112
f 573/1030/2113 570/1031/2114 575/1022/2115 577/1025/2116
f 593/1032/2117 594/1033/2118 595/1034/2119 596/1035/2120
f 605/1036/2121 579/1037/2122 600/1038/2123
f 581/1039/2124 580/1040/2125 607/1041/2126 614/1042/2127
f 609/1043/2128 582/1044/2129 579/1037/2130 605/1036/2131
f 610/1045/2132 585/1046/2133 582/1044/2134 609/1043/2135
f 606/1047/2136 584/1048/2137 588/1049/2138 611/1050/2139
f 612/1051/2140 611/1050/2141 588/1049/2142 587/1052/2143
f 613/1053/2144 612/1051/2145 587/1052/2146 586/1054/2147
f 610/1045/2148 613/1053/2149 586/1054/2150 585/1046/2151
f 580/1055/2152 582/1056/2153 585/1057/2154
f 580/1055/2155 590/1058/2156 589/1059/2157 582/1056/2158
f 590/1058/2159 580/1055/2160 581/1060/2161 591/1061/2162
f 591/1061/2163 581/1060/2164 578/1062/2165 592/1063/2166
f 579/1064/2167 589/1059/2168 599/1065/2169 600/1066/2170
f 593/1032/2171 589/1067/2172 590/1068/2173 594/1033/2174
f 594/1033/2175 590/1069/2176 591/1070/2177 595/1034/2178
f 595/1034/2179 591/1071/2180 592/1072/2181 596/1035/2182
f 593/1032/2183 599/1073/2184 589/1074/2185
f 597/1075/2186 596/1035/2187 592/1076/2188
f 592/1063/2189 578/1062/2190 598/1077/2191 597/1078/2192
f 578/1079/2193 608/1080/2194 598/1081/2195
f 599/1073/2196 593/1032/2197 596/1035/2198 597/1075/2199
f 602/1082/2200 603/1083/2201 604/1084/2202 601/1085/2203
f 605/1036/2204 600/1038/2205 598/1081/2206 608/1080/2207
f 601/1085/2208 597/1086/2209 598/1087/2210 602/1082/2211
f 598/1088/2212 600/1089/2213 603/1083/2214 602/1082/2215
f 599/1090/2216 604/1084/2217 603/1083/2218 600/1091/2219
f 604/1084/2220 599/1092/2221 597/1093/2222 601/1085/2223
f 607/1041/2224 580/1040/2225 583/1094/2226
f 586/1095/2227 580/1055/2228 585/1057/2229
f 588/1096/2230 583/1097/2231 587/1098/2232
f 583/1097/2233 588/1096/2234 584/1099/2235
f 582/1056/2236 589/1059/2237 579/1064/2238
f 608/1080/2239 578/1079/2240 581/1039/2241 614/1042/2242
f 607/1100/2243 610/1101/2244 609/1102/2245
f 607/1100/2246 613/1103/2247 610/1101/2248
f 607/1100/2249 612/1104/2250 613/1103/2251
f 607/1100/2252 611/1105/2253 612/1104/2254
f 607/1100/2255 606/1106/2256 611/1105/2257
f 584/1048/2258 606/1047/2259 607/1107/2260 583/1108/2261
f 608/1109/2262 614/1110/2263 609/1102/2264 605/1111/2265
f 583/1097/2266 580/1055/2267 586/1095/2268 587/1098/2269
f 609/1102/2270 614/1110/2271 607/1100/2272
f 618/1112/2273 617/1113/2274 615/1114/2275 616/1115/2276
f 619/1116/2277 620/1117/2278 622/1118/2279 621/1119/2280
f 621/1119/2281 622/1118/2282 624/1120/2283 623/1121/2284
f 623/1122/2285 624/1123/2286 626/1124/2287 625/1125/2288
f 620/1117/2289 626/1124/2290 624/1123/2291 622/1118/2292
f 625/1126/2293 619/1116/2294 621/1119/2295 623/1127/2296
f 630/1128/2297 629/1129/2298 627/1130/2299 628/1131/2300
f 629/1129/2301 630/1128/2302 632/1132/2303 631/1133/2304
f 631/1134/2305 632/1135/2306 634/1136/2307 633/1137/2308
f 632/1138/2309 630/1128/2310 628/1131/2311 634/1139/2312
f 627/1130/2313 629/1129/2314 631/1134/2315 633/1137/2316
f 638/1140/2317 637/1141/2318 635/1142/2319 636/1143/2320
f 637/1144/2321 638/1140/2322 640/1145/2323 639/1146/2324
f 639/1147/2325 640/1145/2326 642/1148/2327 641/1149/2328
f 640/1145/2329 638/1140/2330 636/1143/2331 642/1148/2332
f 635/1150/2333 637/1151/2334 639/1147/2335 641/1149/2336
f 727/1152/2337 728/1153/2338 729/1154/2339 730/1155/2340
f 657/1156/2341 656/1157/2342 646/1158/2343 661/1159/2344
f 658/1160/2345 660/1161/2346 643/1162/2347 659/1163/2348
f 731/1164/2349 732/1165/2350 733/1166/2351 734/1167/2352
f 645/1168/2353 662/1169/2354 647/1170/2355 644/1171/2356
f 646/1158/2357 648/1172/2358 649/1173/2359 661/1159/2360
f 661/1159/2361 649/1173/2362 650/1174/2363 662/1169/2364
f 662/1169/2365 650/1174/2366 651/1175/2367 647/1170/2368
f 647/1170/2369 651/1175/2370 648/1172/2371 646/1158/2372
f 644/1171/2373 652/1176/2374 653/1177/2375 645/1168/2376
f 645/1168/2377 653/1177/2378 654/1178/2379 660/1161/2380
f 660/1161/2381 654/1178/2382 655/1179/2383 643/1162/2384
f 643/1162/2385 655/1179/2386 652/1176/2387 644/1171/2388
f 723/1180/2389 724/1181/2390 725/1182/2391 726/1183/2392
f 667/1184/2393 668/1185/2394 670/1186/2395 669/1187/2396
f 691/1188/2397 692/1189/2398 693/1190/2399 694/1191/2400
f 665/1192/2401 667/1184/2402 669/1187/2403 673/1193/2404
f 664/1194/2405 672/1195/2406 674/1196/2407
f 673/1193/2408 669/1187/2409 663/1197/2410
f 673/1193/2411 658/1198/2412 659/1199/2413 665/1192/2414
f 671/1200/2415 672/1195/2416 680/1201/2417 679/1202/2418
f 672/1195/2419 670/1186/2420 681/1203/2421 680/1201/2422
f 670/1186/2423 668/1185/2424 682/1204/2425 681/1203/2426
f 668/1185/2427 671/1200/2428 679/1202/2429 682/1204/2430
f 679/1205/2431 680/1206/2432 684/1207/2433 683/1208/2434
f 680/1209/2435 681/1210/2436 685/1211/2437 684/1207/2438
f 681/1212/2439 682/1213/2440 686/1214/2441 685/1211/2442
f 682/1215/2443 679/1216/2444 683/1208/2445 686/1214/2446
f 674/1196/2447 672/1195/2448 699/1217/2449 696/1218/2450
f 672/1195/2451 671/1200/2452 703/1219/2453 700/1220/2454
f 707/1221/2455 666/1222/2456 708/1223/2457
f 666/1222/2458 674/1196/2459 695/1224/2460 708/1223/2461
f 698/1225/2462 696/1226/2463 699/1227/2464 702/1228/2465
f 701/1229/2466 700/1230/2467 703/1231/2468 706/1232/2469
f 705/1233/2470 704/1234/2471 707/1235/2472 710/1236/2473
f 709/1237/2474 708/1238/2475 695/1239/2476 697/1240/2477
f 683/1208/2478 684/1207/2479 688/1241/2480 687/1242/2481
f 684/1207/2482 685/1211/2483 689/1243/2484 688/1241/2485
f 685/1211/2486 686/1214/2487 690/1244/2488 689/1243/2489
f 686/1214/2490 683/1208/2491 687/1242/2492 690/1244/2493
f 687/1245/2494 688/1246/2495 692/1189/2496 691/1188/2497
f 688/1247/2498 689/1248/2499 693/1190/2500 692/1189/2501
f 689/1249/2502 690/1250/2503 694/1191/2504 693/1190/2505
f 690/1251/2506 687/1252/2507 691/1188/2508 694/1191/2509
f 709/1237/2510 706/1232/2511 705/1233/2512 710/1236/2513
f 695/1253/2514 696/1226/2515 698/1225/2516 697/1240/2517
f 699/1227/2518 700/1254/2519 701/1229/2520 702/1228/2521
f 703/1255/2522 704/1234/2523 705/1233/2524 706/1232/2525
f 707/1235/2526 708/1256/2527 709/1237/2528 710/1236/2529
f 699/1217/2530 672/1195/2531 700/1220/2532
f 678/1257/2533 675/1258/2534 676/1259/2535 677/1260/2536
f 677/1260/2537 657/1261/2538 645/1262/2539 678/1257/2540
f 677/1260/2541 674/1263/2542 657/1261/2543
f 664/1264/2544 674/1263/2545 677/1260/2546 676/1265/2547
f 673/1266/2548 663/1267/2549 675/1268/2550 678/1257/2551
f 678/1257/2552 658/1269/2553 673/1266/2554
f 658/1269/2555 678/1257/2556 645/1262/2557
f 645/1168/2558 660/1161/2559 658/1160/2560
f 662/1169/2561 645/1168/2562 657/1156/2563 661/1159/2564
f 674/1196/2565 666/1222/2566 712/1270/2567 711/1271/2568
f 712/1270/2569 666/1222/2570 656/1272/2571 713/1273/2572
f 656/1272/2573 657/1274/2574 714/1275/2575 713/1273/2576
f 714/1275/2577 657/1274/2578 674/1196/2579 711/1271/2580
f 711/1276/2581 712/1277/2582 716/1278/2583 715/1279/2584
f 713/1280/2585 714/1281/2586 718/1282/2587 717/1283/2588
f 718/1282/2589 714/1284/2590 711/1285/2591 715/1279/2592
f 715/1279/2593 716/1278/2594 720/1286/2595 719/1287/2596
f 720/1286/2597 716/1278/2598 717/1283/2599 721/1288/2600
f 717/1283/2601 718/1282/2602 722/1289/2603 721/1288/2604
f 722/1289/2605 718/1282/2606 715/1279/2607 719/1287/2608
f 719/1290/2609 720/1291/2610 724/1181/2611 723/1180/2612
f 724/1181/2613 720/1292/2614 721/1293/2615 725/1182/2616
f 721/1294/2617 722/1295/2618 726/1183/2619 725/1182/2620
f 723/1180/2621 726/1183/2622 722/1296/2623 719/1297/2624
f 674/1196/2625 696/1218/2626 695/1224/2627
f 704/1298/2628 671/1200/2629 666/1222/2630 707/1221/2631
f 671/1200/2632 704/1298/2633 703/1219/2634
f 697/1240/2635 701/1229/2636 706/1232/2637 709/1237/2638
f 697/1240/2639 698/1225/2640 702/1228/2641 701/1229/2642
f 652/1299/2643 655/1300/2644 728/1153/2645 727/1152/2646
f 655/1301/2647 654/1302/2648 729/1154/2649 728/1153/2650
f 654/1303/2651 653/1304/2652 730/1155/2653 729/1154/2654
f 653/1305/2655 652/1306/2656 727/1152/2657 730/1155/2658
f 648/1307/2659 651/1308/2660 732/1165/2661 731/1164/2662
f 651/1309/2663 650/1310/2664 733/1166/2665 732/1165/2666
f 650/1311/2667 649/1312/2668 734/1167/2669 733/1166/2670
f 649/1313/2671 648/1314/2672 731/1164/2673 734/1167/2674
f 738/1315/2675 737/1316/2676 735/1317/2677 736/1318/2678
f 737/1316/2679 738/1315/2680 740/1319/2681 739/1320/2682
f 739/1321/2683 740/1322/2684 742/1323/2685 741/1324/2686
f 740/1325/2687 738/1315/2688 736/1318/2689 742/1326/2690
f 735/1317/2691 737/1316/2692 739/1321/2693 741/1324/2694
f 743/1327/2695 744/1328/2696 746/1329/2697 745/1330/2698
f 745/1330/2699 746/1329/2700 748/1331/2701 747/1332/2702
f 747/1333/2703 748/1334/2704 750/1335/2705 749/1336/2706
f 744/1328/2707 750/1335/2708 748/1334/2709 746/1329/2710
f 749/1337/2711 743/1327/2712 745/1330/2713 747/1338/2714
f 751/1339/2715 752/1340/2716 754/1341/2717 753/1342/2718
f 753/1342/2719 754/1341/2720 756/1343/2721 755/1344/2722
f 755/1345/2723 756/1346/2724 758/1347/2725 757/1348/2726
f 752/1340/2727 758/1347/2728 756/1346/2729 754/1341/2730
f 757/1349/2731 751/1339/2732 753/1342/2733 755/1350/2734
f 762/1351/2735 761/1352/2736 759/1353/2737 760/1354/2738
f 761/1352/2739 762/1351/2740 764/1355/2741 763/1356/2742
f 763/1357/2743 764/1358/2744 766/1359/2745 765/1360/2746
f 764/1358/2747 762/1351/2748 760/1354/2749 766/1359/2750
f 759/1353/2751 761/1352/2752 763/1361/2753 765/1362/2754
f 767/1363/2755 768/1364/2756 770/1365/2757 769/1366/2758
f 769/1366/2759 770/1365/2760 772/1367/2761 771/1368/2762
f 771/1369/2763 772/1370/2764 774/1371/2765 773/1372/2766
f 768/1364/2767 774/1373/2768 772/1374/2769 770/1365/2770
f 773/1372/2771 767/1363/2772 769/1366/2773 771/1369/2774
f 775/1375/2775 776/1376/2776 778/1377/2777 777/1378/2778
f 777/1378/2779 778/1377/2780 780/1379/2781 779/1380/2782
f 779/1381/2783 780/1382/2784 782/1383/2785 781/1384/2786
f 776/1376/2787 782/1383/2788 780/1382/2789 778/1377/2790
f 781/1385/2791 775/1375/2792 777/1378/2793 779/1386/2794
f 786/1387/2795 785/1388/2796 783/1389/2797 784/1390/2798
f 785/1388/2799 786/1387/2800 788/1391/2801 787/1392/2802
f 787/1393/2803 788/1394/2804 790/1395/2805 789/1396/2806
f 788/1394/2807 786/1387/2808 784/1390/2809 790/1395/2810
f 783/1389/2811 785/1388/2812 787/1397/2813 789/1398/2814
f 794/1399/2815 793/1400/2816 791/1401/2817 792/1402/2818
f 793/1400/2819 794/1399/2820 796/1403/2821 795/1404/2822
f 795/1405/2823 796/1406/2824 798/1407/2825 797/1408/2826
f 796/1409/2827 794/1399/2828 792/1402/2829 798/1410/2830
f 791/1401/2831 793/1400/2832 795/1405/2833 797/1408/2834
f 802/1411/2835 801/1412/2836 799/1413/2837 800/1414/2838
f 801/1412/2839 802/1411/2840 804/1415/2841 803/1416/2842
f 803/1417/2843 804/1418/2844 806/1419/2845 805/1420/2846
f 804/1421/2847 802/1411/2848 800/1414/2849 806/1422/2850
f 799/1413/2851 801/1412/2852 803/1417/2853 805/1420/2854
